Data,Cidade,Concentracao_PM2.5_Solo,Concentracao_O3_Solo,NO2_Satelite_TEMPO,AOD_Satelite_MODIS,Temperatura_C,Velocidade_Vento_kmh,Precipitacao_mm,AQI_Final,Poluente_Dominante
2022-01-01,Sedona,4.1,32,8.8,0.126,-0.5,15.9,0.0,30,O3
2022-01-02,Sedona,3.6,38,6.7,0.088,-0.4,9.7,0.0,35,O3
2022-01-03,Sedona,6.3,47,9.8,0.192,3.3,24.2,0.0,44,O3
2022-01-04,Sedona,3.0,31,19.8,0.095,0.2,8.6,0.0,29,O3
2022-01-05,Sedona,3.9,27,9.0,0.084,-2.3,17.2,0.0,25,O3
2022-01-06,Sedona,7.8,24,8.6,0.299,-1.8,21.0,0.0,32,PM2.5
2022-01-07,Sedona,2.9,44,5.4,0.081,0.3,14.8,0.0,41,O3
2022-01-08,Sedona,3.6,46,14.3,0.084,1.0,6.1,0.0,43,O3
2022-01-09,Sedona,8.2,30,17.7,0.257,-1.8,19.2,0.0,34,PM2.5
2022-01-10,Sedona,6.6,45,15.3,0.168,-0.8,15.0,0.0,42,O3
2022-01-11,Sedona,7.6,28,13.6,0.245,0.6,21.1,0.0,32,PM2.5
2022-01-12,Sedona,9.2,31,11.6,0.367,-1.4,25.0,0.0,38,PM2.5
2022-01-13,Sedona,3.7,24,12.3,0.076,3.2,17.6,0.0,22,O3
2022-01-14,Sedona,2.1,31,8.1,0.081,2.1,19.2,0.0,29,O3
2022-01-15,Sedona,7.4,25,19.2,0.161,0.9,18.8,0.0,31,PM2.5
2022-01-16,Sedona,9.7,36,13.8,0.372,0.9,21.9,0.0,40,PM2.5
2022-01-17,Sedona,8.5,40,9.3,0.208,2.9,19.1,0.0,37,O3
2022-01-18,Sedona,9.2,32,11.2,0.36,-0.6,15.8,0.0,38,PM2.5
2022-01-19,Sedona,6.7,31,18.1,0.176,1.8,22.2,0.0,29,O3
2022-01-20,Sedona,9.8,29,16.9,0.28,1.8,9.1,0.0,41,PM2.5
2022-01-21,Sedona,11.0,46,16.8,0.42,5.2,22.3,0.0,46,PM2.5
2022-01-22,Sedona,9.0,27,5.2,0.327,2.5,24.3,0.0,38,PM2.5
2022-01-23,Sedona,2.3,21,11.5,0.087,0.2,17.8,0.0,19,O3
2022-01-24,Sedona,8.1,39,18.8,0.201,5.3,7.1,0.0,36,O3
2022-01-25,Sedona,6.7,47,8.2,0.187,3.4,23.8,0.0,44,O3
2022-01-26,Sedona,3.0,29,10.8,0.086,5.8,5.3,8.3,27,O3
2022-01-27,Sedona,10.8,37,14.0,0.347,0.7,9.5,0.0,45,PM2.5
2022-01-28,Sedona,5.9,37,18.6,0.142,2.5,14.9,0.0,34,O3
2022-01-29,Sedona,2.1,28,19.4,0.075,1.9,21.4,0.0,26,O3
2022-01-30,Sedona,11.1,48,18.2,0.416,3.5,11.3,0.0,46,PM2.5
2022-01-31,Sedona,8.2,52,10.0,0.213,1.3,9.2,0.0,48,O3
2022-02-01,Sedona,11.8,40,8.9,0.269,1.5,8.7,0.0,49,PM2.5
2022-02-02,Sedona,10.0,21,11.1,0.397,7.0,18.4,0.0,42,PM2.5
2022-02-03,Sedona,7.3,42,6.3,0.234,5.5,23.1,0.0,39,O3
2022-02-04,Sedona,3.7,29,16.2,0.092,5.7,7.8,0.0,27,O3
2022-02-05,Sedona,2.5,55,9.8,0.099,7.3,23.9,0.0,51,O3
2022-02-06,Sedona,4.3,25,6.4,0.103,7.4,11.4,0.0,23,O3
2022-02-07,Sedona,10.4,52,10.9,0.405,4.4,10.0,0.0,48,O3
2022-02-08,Sedona,8.5,35,17.0,0.283,4.5,13.8,0.0,35,PM2.5
2022-02-09,Sedona,10.4,49,9.6,0.264,5.3,20.7,0.0,45,O3
2022-02-10,Sedona,10.7,48,15.6,0.418,2.7,9.8,0.0,45,PM2.5
2022-02-11,Sedona,10.9,28,15.9,0.393,4.2,17.0,5.3,45,PM2.5
2022-02-12,Sedona,8.8,28,13.1,0.292,3.4,14.3,2.7,37,PM2.5
2022-02-13,Sedona,2.6,23,16.5,0.066,4.3,21.9,0.0,21,O3
2022-02-14,Sedona,5.0,36,10.6,0.129,7.3,6.0,0.0,33,O3
2022-02-15,Sedona,4.4,34,10.3,0.172,7.6,24.7,9.5,31,O3
2022-02-16,Sedona,7.4,49,16.2,0.267,5.3,7.9,0.0,45,O3
2022-02-17,Sedona,5.3,46,11.3,0.129,4.7,12.8,0.0,43,O3
2022-02-18,Sedona,7.8,53,15.2,0.243,8.1,24.5,0.0,49,O3
2022-02-19,Sedona,9.5,31,12.5,0.347,7.3,16.0,0.0,40,PM2.5
2022-02-20,Sedona,10.6,30,11.5,0.342,6.9,7.2,0.0,44,PM2.5
2022-02-21,Sedona,2.0,39,15.2,0.074,5.8,12.2,0.0,36,O3
2022-02-22,Sedona,10.3,40,10.9,0.306,5.3,8.8,0.0,43,PM2.5
2022-02-23,Sedona,6.0,27,6.9,0.218,9.0,22.1,0.0,25,PM2.5
2022-02-24,Sedona,10.7,47,7.8,0.32,6.7,12.9,0.0,45,PM2.5
2022-02-25,Sedona,11.5,39,17.9,0.444,10.2,18.5,0.0,48,PM2.5
2022-02-26,Sedona,11.0,33,5.4,0.251,11.7,8.2,0.0,46,PM2.5
2022-02-27,Sedona,2.8,30,7.4,0.062,10.9,15.0,6.4,28,O3
2022-02-28,Sedona,10.8,50,12.0,0.339,9.6,7.0,0.0,46,O3
2022-03-01,Sedona,3.0,50,18.1,0.117,12.2,16.8,0.0,46,O3
2022-03-02,Sedona,8.7,37,16.4,0.339,8.9,7.2,0.0,36,PM2.5
2022-03-03,Sedona,8.4,55,8.7,0.208,11.8,16.3,0.0,51,O3
2022-03-04,Sedona,4.6,33,6.6,0.175,10.8,24.0,0.0,31,O3
2022-03-05,Sedona,9.5,36,5.2,0.274,13.7,12.5,0.0,40,PM2.5
2022-03-06,Sedona,10.2,22,10.1,0.284,8.5,6.3,0.0,42,PM2.5
2022-03-07,Sedona,5.5,35,14.7,0.201,11.4,18.4,0.0,32,O3
2022-03-08,Sedona,7.3,32,15.4,0.255,11.5,22.0,0.0,30,PM2.5
2022-03-09,Sedona,2.2,34,7.2,0.051,13.3,15.9,0.0,31,O3
2022-03-10,Sedona,10.9,27,11.3,0.329,13.7,5.4,0.0,45,PM2.5
2022-03-11,Sedona,9.6,29,19.1,0.21,14.4,10.4,0.0,40,PM2.5
2022-03-12,Sedona,5.6,27,8.0,0.147,14.6,8.7,0.0,25,O3
2022-03-13,Sedona,10.1,52,6.5,0.36,13.6,9.8,0.0,48,O3
2022-03-14,Sedona,7.7,54,17.1,0.213,12.7,6.1,0.0,50,O3
2022-03-15,Sedona,7.1,22,5.4,0.153,12.4,10.0,0.0,30,PM2.5
2022-03-16,Sedona,5.9,38,7.7,0.179,12.3,22.4,0.0,35,O3
2022-03-17,Sedona,11.3,21,18.7,0.411,16.2,12.5,0.0,47,PM2.5
2022-03-18,Sedona,10.0,47,5.7,0.382,11.5,12.6,0.0,44,O3
2022-03-19,Sedona,10.8,20,12.7,0.356,16.4,6.8,0.0,45,PM2.5
2022-03-20,Sedona,4.6,44,17.4,0.117,12.1,16.0,0.0,41,O3
2022-03-21,Sedona,5.4,46,15.9,0.214,17.9,21.7,5.9,43,O3
2022-03-22,Sedona,10.1,28,18.8,0.314,12.7,23.3,0.0,42,PM2.5
2022-03-23,Sedona,4.8,54,18.2,0.138,13.0,16.4,0.0,50,O3
2022-03-24,Sedona,4.6,54,6.3,0.121,14.1,11.1,0.0,50,O3
2022-03-25,Sedona,10.2,50,5.6,0.305,15.4,9.4,0.0,46,O3
2022-03-26,Sedona,11.3,37,9.6,0.259,16.1,24.1,0.0,47,PM2.5
2022-03-27,Sedona,7.5,41,14.4,0.214,15.9,5.6,0.0,38,O3
2022-03-28,Sedona,4.2,36,16.6,0.093,19.6,20.6,0.0,33,O3
2022-03-29,Sedona,3.0,23,17.3,0.097,17.8,5.8,0.0,21,O3
2022-03-30,Sedona,7.8,46,8.5,0.253,15.7,20.3,0.0,43,O3
2022-03-31,Sedona,6.7,21,12.7,0.179,19.3,16.7,0.0,28,PM2.5
2022-04-01,Sedona,10.8,37,13.3,0.318,19.3,22.6,0.0,45,PM2.5
2022-04-02,Sedona,8.7,23,8.7,0.185,21.1,21.4,0.0,36,PM2.5
2022-04-03,Sedona,5.6,43,9.5,0.208,19.1,7.5,0.0,40,O3
2022-04-04,Sedona,8.8,46,13.8,0.288,17.5,20.3,0.0,43,O3
2022-04-05,Sedona,8.6,36,13.0,0.296,21.2,10.5,0.0,36,PM2.5
2022-04-06,Sedona,6.4,25,14.6,0.243,17.7,16.4,0.0,27,PM2.5
2022-04-07,Sedona,11.7,36,15.0,0.435,20.5,5.6,0.0,49,PM2.5
2022-04-08,Sedona,2.9,27,5.3,0.081,19.3,13.3,0.0,25,O3
2022-04-09,Sedona,5.8,38,18.4,0.169,16.9,20.4,0.0,35,O3
2022-04-10,Sedona,3.0,22,19.6,0.103,20.5,6.7,0.0,20,O3
2022-04-11,Sedona,8.1,44,6.0,0.296,17.6,19.0,0.0,41,O3
2022-04-12,Sedona,11.6,52,16.2,0.429,20.7,16.3,0.0,48,PM2.5
2022-04-13,Sedona,8.8,28,11.4,0.198,22.6,22.0,0.0,37,PM2.5
2022-04-14,Sedona,5.1,42,17.0,0.144,19.0,22.4,0.0,39,O3
2022-04-15,Sedona,8.9,24,19.3,0.254,21.2,15.9,0.0,37,PM2.5
2022-04-16,Sedona,3.3,21,15.7,0.106,19.9,5.3,0.0,19,O3
2022-04-17,Sedona,8.8,43,6.9,0.294,20.2,13.0,0.0,40,O3
2022-04-18,Sedona,10.6,43,5.3,0.367,24.3,8.5,0.0,44,PM2.5
2022-04-19,Sedona,8.0,31,5.1,0.209,25.0,20.4,0.0,33,PM2.5
2022-04-20,Sedona,2.8,47,13.5,0.062,24.5,9.9,0.0,44,O3
2022-04-21,Sedona,11.0,21,15.6,0.272,22.0,10.3,0.0,46,PM2.5
2022-04-22,Sedona,7.5,22,13.8,0.188,24.1,8.0,0.0,31,PM2.5
2022-04-23,Sedona,7.2,34,5.1,0.282,20.3,18.6,0.0,31,O3
2022-04-24,Sedona,8.7,27,9.9,0.297,23.7,23.2,0.0,36,PM2.5
2022-04-25,Sedona,6.1,23,6.8,0.139,20.7,24.7,0.0,25,PM2.5
2022-04-26,Sedona,2.1,23,13.4,0.052,25.9,18.1,0.0,21,O3
2022-04-27,Sedona,5.5,51,10.7,0.156,23.6,12.4,0.0,47,O3
2022-04-28,Sedona,8.0,43,11.5,0.247,26.0,5.8,0.0,40,O3
2022-04-29,Sedona,3.6,50,11.2,0.133,22.7,10.4,0.0,46,O3
2022-04-30,Sedona,6.2,41,16.0,0.194,22.6,10.1,0.0,38,O3
2022-05-01,Sedona,12.0,31,16.1,0.297,27.7,9.0,0.0,50,PM2.5
2022-05-02,Sedona,3.4,35,17.2,0.084,26.2,15.2,0.0,32,O3
2022-05-03,Sedona,4.9,42,7.7,0.146,25.7,5.7,0.0,39,O3
2022-05-04,Sedona,7.2,28,19.9,0.157,26.1,12.6,0.0,30,PM2.5
2022-05-05,Sedona,6.0,41,5.7,0.179,28.4,24.4,0.0,38,O3
2022-05-06,Sedona,5.8,55,17.4,0.149,23.1,21.2,0.0,51,O3
2022-05-07,Sedona,4.9,22,17.5,0.155,27.9,8.1,0.0,20,PM2.5
2022-05-08,Sedona,4.6,39,16.2,0.124,25.2,22.4,0.0,36,O3
2022-05-09,Sedona,5.2,51,11.7,0.144,26.8,10.7,0.0,47,O3
2022-05-10,Sedona,10.9,26,6.6,0.345,28.7,5.7,0.0,45,PM2.5
2022-05-11,Sedona,10.7,54,12.0,0.384,24.9,10.1,0.0,50,O3
2022-05-12,Sedona,2.2,32,9.9,0.081,28.4,16.6,0.0,30,O3
2022-05-13,Sedona,9.7,50,5.5,0.278,27.7,6.9,0.0,46,O3
2022-05-14,Sedona,7.4,33,16.5,0.284,25.4,14.0,0.0,31,PM2.5
2022-05-15,Sedona,8.7,25,12.0,0.343,28.2,20.2,0.0,36,PM2.5
2022-05-16,Sedona,7.1,26,18.5,0.187,28.9,7.7,0.0,30,PM2.5
2022-05-17,Sedona,4.7,27,18.8,0.153,26.7,10.6,0.0,25,O3
2022-05-18,Sedona,6.2,42,9.8,0.23,26.4,14.4,0.0,39,O3
2022-05-19,Sedona,10.7,35,13.4,0.357,28.2,9.3,0.0,45,PM2.5
2022-05-20,Sedona,6.8,32,17.7,0.255,25.9,5.1,0.0,30,O3
2022-05-21,Sedona,9.6,30,11.3,0.269,30.4,16.6,0.0,40,PM2.5
2022-05-22,Sedona,4.1,30,13.9,0.086,30.1,7.7,0.0,28,O3
2022-05-23,Sedona,8.2,38,5.5,0.18,28.3,6.0,0.0,35,O3
2022-05-24,Sedona,2.2,22,11.7,0.066,25.7,24.1,0.0,20,O3
2022-05-25,Sedona,4.9,26,5.0,0.191,31.3,14.5,0.0,24,O3
2022-05-26,Sedona,4.7,45,12.1,0.117,28.5,7.9,0.0,42,O3
2022-05-27,Sedona,9.6,23,5.7,0.302,29.6,6.1,0.0,40,PM2.5
2022-05-28,Sedona,4.2,23,14.0,0.13,30.7,20.2,0.0,21,O3
2022-05-29,Sedona,11.9,54,7.0,0.334,28.5,20.3,0.0,50,PM2.5
2022-05-30,Sedona,10.3,22,13.5,0.274,31.2,17.0,0.0,43,PM2.5
2022-05-31,Sedona,6.3,51,12.8,0.142,29.8,12.9,3.7,47,O3
2022-06-01,Sedona,5.9,45,12.6,0.139,26.3,19.2,0.0,42,O3
2022-06-02,Sedona,8.4,33,11.4,0.322,30.5,11.3,0.0,35,PM2.5
2022-06-03,Sedona,10.0,21,14.4,0.228,28.0,8.4,0.0,42,PM2.5
2022-06-04,Sedona,3.8,42,15.0,0.084,27.5,23.5,0.0,39,O3
2022-06-05,Sedona,4.0,28,20.0,0.091,27.6,20.1,0.0,26,O3
2022-06-06,Sedona,7.3,55,16.5,0.174,28.3,8.1,0.0,51,O3
2022-06-07,Sedona,3.0,35,15.7,0.115,29.1,5.8,0.0,32,O3
2022-06-08,Sedona,6.9,48,12.7,0.231,27.2,11.1,0.0,44,O3
2022-06-09,Sedona,8.7,40,11.6,0.184,30.1,22.6,0.0,37,O3
2022-06-10,Sedona,4.2,20,8.4,0.128,29.9,7.8,0.0,19,O3
2022-06-11,Sedona,3.4,38,5.2,0.101,31.0,24.2,0.0,35,O3
2022-06-12,Sedona,6.0,25,18.9,0.237,31.4,23.7,0.0,25,PM2.5
2022-06-13,Sedona,10.3,32,7.9,0.279,31.7,11.2,0.0,43,PM2.5
2022-06-14,Sedona,8.3,41,11.2,0.255,30.9,15.4,0.0,38,O3
2022-06-15,Sedona,8.4,38,19.4,0.327,30.8,6.0,0.0,35,PM2.5
2022-06-16,Sedona,11.6,37,19.5,0.326,27.6,14.4,0.0,48,PM2.5
2022-06-17,Sedona,8.9,51,5.2,0.192,28.1,13.1,0.0,47,O3
2022-06-18,Sedona,4.2,42,11.1,0.099,32.1,24.0,0.0,39,O3
2022-06-19,Sedona,3.2,42,12.4,0.122,27.3,15.0,0.0,39,O3
2022-06-20,Sedona,5.3,27,6.5,0.128,32.6,10.1,0.0,25,O3
2022-06-21,Sedona,12.0,36,11.2,0.386,32.7,17.7,0.0,50,PM2.5
2022-06-22,Sedona,3.5,30,8.6,0.116,28.0,15.1,0.0,28,O3
2022-06-23,Sedona,2.9,50,7.1,0.069,32.4,14.3,4.8,46,O3
2022-06-24,Sedona,9.2,29,10.4,0.211,28.1,18.9,0.0,38,PM2.5
2022-06-25,Sedona,6.9,36,18.9,0.185,31.9,23.9,0.0,33,O3
2022-06-26,Sedona,3.2,42,6.5,0.066,28.1,8.6,0.0,39,O3
2022-06-27,Sedona,7.8,27,5.5,0.178,28.1,11.6,0.0,32,PM2.5
2022-06-28,Sedona,6.3,37,17.0,0.15,29.7,19.8,0.0,34,O3
2022-06-29,Sedona,9.7,48,11.1,0.357,31.3,6.1,0.0,44,O3
2022-06-30,Sedona,7.6,22,19.1,0.274,27.9,18.9,0.0,32,PM2.5
2022-07-01,Sedona,8.3,30,18.0,0.21,27.2,6.6,0.0,35,PM2.5
2022-07-02,Sedona,8.7,30,6.0,0.221,27.2,11.0,0.0,36,PM2.5
2022-07-03,Sedona,7.4,54,10.9,0.242,31.5,18.6,0.0,50,O3
2022-07-04,Sedona,5.0,23,16.7,0.2,32.2,18.6,0.0,21,PM2.5
2022-07-05,Sedona,10.2,30,17.1,0.251,32.5,10.2,0.0,42,PM2.5
2022-07-06,Sedona,4.7,45,18.7,0.181,31.8,14.6,0.0,42,O3
2022-07-07,Sedona,4.7,51,15.2,0.129,30.1,7.9,0.0,47,O3
2022-07-08,Sedona,9.5,55,19.5,0.253,30.2,15.7,0.0,51,O3
2022-07-09,Sedona,10.0,49,17.2,0.226,31.5,19.0,0.0,45,O3
2022-07-10,Sedona,8.9,42,14.1,0.268,29.2,18.8,4.5,39,O3
2022-07-11,Sedona,3.1,22,8.4,0.063,27.3,8.3,0.0,20,O3
2022-07-12,Sedona,5.3,27,12.2,0.14,30.4,22.4,0.0,25,O3
2022-07-13,Sedona,3.9,50,18.4,0.117,27.5,12.5,0.0,46,O3
2022-07-14,Sedona,11.7,32,13.3,0.404,27.2,22.7,0.0,49,PM2.5
2022-07-15,Sedona,7.7,52,18.5,0.161,28.0,10.1,0.0,48,O3
2022-07-16,Sedona,11.5,25,19.7,0.296,28.9,6.2,0.0,48,PM2.5
2022-07-17,Sedona,7.6,45,19.3,0.254,29.1,5.5,0.0,42,O3
2022-07-18,Sedona,3.7,22,8.4,0.111,28.5,22.4,0.0,20,O3
2022-07-19,Sedona,2.5,51,15.3,0.09,30.4,19.5,0.0,47,O3
2022-07-20,Sedona,11.2,48,11.9,0.376,25.5,13.9,0.0,47,PM2.5
2022-07-21,Sedona,10.6,36,12.1,0.292,27.5,19.7,0.0,44,PM2.5
2022-07-22,Sedona,2.1,41,16.7,0.069,27.8,9.1,0.0,38,O3
2022-07-23,Sedona,3.3,31,14.6,0.072,24.8,16.2,0.0,29,O3
2022-07-24,Sedona,9.9,30,14.5,0.255,25.8,20.8,0.0,41,PM2.5
2022-07-25,Sedona,2.8,48,18.8,0.07,24.7,21.0,0.0,44,O3
2022-07-26,Sedona,4.4,47,5.6,0.134,24.7,19.7,7.3,44,O3
2022-07-27,Sedona,2.4,25,11.3,0.047,24.5,21.5,0.0,23,O3
2022-07-28,Sedona,4.2,49,14.7,0.086,29.6,22.6,0.0,45,O3
2022-07-29,Sedona,7.7,28,19.7,0.222,27.8,9.0,0.0,32,PM2.5
2022-07-30,Sedona,2.9,33,7.5,0.1,25.3,5.5,0.0,31,O3
2022-07-31,Sedona,5.0,54,18.4,0.138,23.9,19.1,0.0,50,O3
2022-08-01,Sedona,3.7,40,16.8,0.079,27.6,14.8,0.0,37,O3
2022-08-02,Sedona,7.9,35,14.9,0.182,24.3,7.3,0.0,33,PM2.5
2022-08-03,Sedona,5.2,54,12.1,0.2,23.8,17.8,0.0,50,O3
2022-08-04,Sedona,3.5,39,10.5,0.125,24.2,11.5,0.0,36,O3
2022-08-05,Sedona,5.2,35,14.9,0.12,24.9,7.2,0.0,32,O3
2022-08-06,Sedona,4.9,23,8.2,0.147,23.8,10.7,0.0,21,O3
2022-08-07,Sedona,7.2,28,13.3,0.209,25.0,14.7,0.0,30,PM2.5
2022-08-08,Sedona,3.3,25,9.0,0.106,22.7,12.4,0.0,23,O3
2022-08-09,Sedona,6.3,30,14.9,0.177,25.6,17.5,0.0,28,O3
2022-08-10,Sedona,4.5,39,9.5,0.1,23.2,24.4,0.0,36,O3
2022-08-11,Sedona,1.6,49,7.7,0.054,24.0,11.7,6.8,45,O3
2022-08-12,Sedona,6.0,49,6.9,0.159,26.5,13.9,0.0,45,O3
2022-08-13,Sedona,11.8,44,17.1,0.26,22.9,18.4,0.0,49,PM2.5
2022-08-14,Sedona,9.0,52,16.5,0.352,24.8,13.2,0.0,48,O3
2022-08-15,Sedona,5.1,52,15.9,0.165,25.3,22.2,0.0,48,O3
2022-08-16,Sedona,5.2,22,14.8,0.113,24.9,5.9,0.0,22,PM2.5
2022-08-17,Sedona,5.9,49,5.8,0.163,25.6,14.8,0.0,45,O3
2022-08-18,Sedona,6.9,20,15.3,0.167,21.4,12.8,0.0,29,PM2.5
2022-08-19,Sedona,6.4,41,17.8,0.198,25.3,15.2,0.0,38,O3
2022-08-20,Sedona,4.9,52,13.1,0.181,23.3,7.5,0.0,48,O3
2022-08-21,Sedona,6.3,54,15.6,0.192,20.6,17.6,0.0,50,O3
2022-08-22,Sedona,10.0,24,13.3,0.286,23.1,5.2,0.0,42,PM2.5
2022-08-23,Sedona,9.2,26,13.7,0.209,19.7,19.6,0.0,38,PM2.5
2022-08-24,Sedona,7.7,33,8.2,0.252,20.2,21.1,0.0,32,PM2.5
2022-08-25,Sedona,11.2,35,12.0,0.408,22.1,24.4,0.0,47,PM2.5
2022-08-26,Sedona,2.2,45,11.3,0.082,24.0,23.7,0.0,42,O3
2022-08-27,Sedona,3.5,36,13.9,0.118,19.5,17.4,0.0,33,O3
2022-08-28,Sedona,9.0,40,16.3,0.327,23.2,21.3,0.0,38,PM2.5
2022-08-29,Sedona,4.6,28,10.1,0.108,22.4,7.5,0.0,26,O3
2022-08-30,Sedona,9.6,24,16.0,0.368,18.3,23.0,0.0,40,PM2.5
2022-08-31,Sedona,2.8,24,13.4,0.086,17.6,6.4,0.0,22,O3
2022-09-01,Sedona,4.5,47,17.0,0.117,18.3,5.6,0.0,44,O3
2022-09-02,Sedona,6.2,32,8.1,0.178,20.1,11.0,0.0,30,O3
2022-09-03,Sedona,3.7,25,11.4,0.091,17.9,7.3,7.0,23,O3
2022-09-04,Sedona,9.5,36,16.1,0.234,19.8,6.7,0.0,40,PM2.5
2022-09-05,Sedona,11.4,44,11.6,0.312,21.2,11.1,0.0,48,PM2.5
2022-09-06,Sedona,7.4,46,19.7,0.195,17.4,20.4,0.0,43,O3
2022-09-07,Sedona,7.1,55,11.2,0.155,20.7,14.7,5.5,51,O3
2022-09-08,Sedona,11.1,48,16.7,0.423,19.9,12.4,0.0,46,PM2.5
2022-09-09,Sedona,4.2,41,14.5,0.144,18.6,11.8,0.0,38,O3
2022-09-10,Sedona,3.6,49,17.9,0.133,17.6,18.0,0.0,45,O3
2022-09-11,Sedona,4.0,44,14.5,0.133,19.3,14.4,0.0,41,O3
2022-09-12,Sedona,9.0,26,19.6,0.355,14.1,19.1,0.0,38,PM2.5
2022-09-13,Sedona,10.4,50,14.4,0.251,16.4,7.3,0.0,46,O3
2022-09-14,Sedona,5.2,50,12.3,0.159,17.5,17.7,0.0,46,O3
2022-09-15,Sedona,4.9,34,10.8,0.141,17.5,14.5,0.0,31,O3
2022-09-16,Sedona,11.0,46,11.0,0.396,14.4,21.5,0.0,46,PM2.5
2022-09-17,Sedona,4.8,30,16.9,0.128,17.3,21.6,0.0,28,O3
2022-09-18,Sedona,2.0,32,10.5,0.08,13.7,23.9,0.0,30,O3
2022-09-19,Sedona,11.1,33,10.4,0.364,13.3,16.5,0.0,46,PM2.5
2022-09-20,Sedona,8.4,37,12.0,0.2,15.4,7.0,0.0,35,PM2.5
2022-09-21,Sedona,3.0,21,8.1,0.086,16.7,22.0,0.0,19,O3
2022-09-22,Sedona,11.0,37,8.5,0.373,17.0,7.3,0.0,46,PM2.5
2022-09-23,Sedona,8.8,30,7.0,0.275,15.0,5.7,0.0,37,PM2.5
2022-09-24,Sedona,7.7,28,16.0,0.219,15.4,12.1,0.0,32,PM2.5
2022-09-25,Sedona,3.9,49,10.7,0.078,14.4,7.4,0.0,45,O3
2022-09-26,Sedona,9.6,49,13.3,0.32,14.9,18.5,0.0,45,O3
2022-09-27,Sedona,8.7,22,18.0,0.298,12.5,14.0,0.0,36,PM2.5
2022-09-28,Sedona,4.2,48,18.1,0.14,14.2,23.6,0.0,44,O3
2022-09-29,Sedona,4.4,53,11.8,0.124,11.3,24.5,0.0,49,O3
2022-09-30,Sedona,8.2,27,9.0,0.188,13.5,12.7,0.0,34,PM2.5
2022-10-01,Sedona,11.4,29,5.3,0.328,10.9,14.5,0.0,48,PM2.5
2022-10-02,Sedona,8.5,45,13.5,0.177,9.6,10.0,0.0,42,O3
2022-10-03,Sedona,11.7,28,17.8,0.318,10.4,7.3,0.0,49,PM2.5
2022-10-04,Sedona,8.8,37,18.5,0.303,11.3,24.5,0.0,37,PM2.5
2022-10-05,Sedona,1.8,35,11.6,0.049,13.3,6.6,6.1,32,O3
2022-10-06,Sedona,8.0,30,17.7,0.302,12.0,23.4,0.0,33,PM2.5
2022-10-07,Sedona,9.1,30,8.8,0.34,9.0,5.7,0.0,38,PM2.5
2022-10-08,Sedona,5.7,32,19.9,0.136,12.2,18.3,0.0,30,O3
2022-10-09,Sedona,6.9,41,13.1,0.183,12.6,9.8,0.0,38,O3
2022-10-10,Sedona,6.2,38,10.8,0.146,12.4,10.7,0.0,35,O3
2022-10-11,Sedona,4.6,23,19.7,0.129,10.3,12.4,0.0,21,O3
2022-10-12,Sedona,5.3,24,10.2,0.18,8.2,18.7,0.0,22,PM2.5
2022-10-13,Sedona,11.4,30,17.3,0.358,8.8,11.9,0.0,48,PM2.5
2022-10-14,Sedona,3.7,25,17.9,0.084,6.7,18.3,0.0,23,O3
2022-10-15,Sedona,8.5,36,11.9,0.246,11.2,19.6,0.0,35,PM2.5
2022-10-16,Sedona,7.7,28,7.2,0.279,9.2,13.6,0.0,32,PM2.5
2022-10-17,Sedona,3.8,42,17.1,0.098,7.4,22.4,0.0,39,O3
2022-10-18,Sedona,4.6,44,14.3,0.175,6.1,11.0,0.0,41,O3
2022-10-19,Sedona,7.5,24,9.8,0.252,5.8,14.3,0.0,31,PM2.5
2022-10-20,Sedona,4.9,26,16.0,0.116,4.6,6.0,0.0,24,O3
2022-10-21,Sedona,4.8,37,6.7,0.167,8.0,21.2,0.0,34,O3
2022-10-22,Sedona,5.9,39,18.9,0.144,6.5,18.2,0.0,36,O3
2022-10-23,Sedona,4.6,27,17.7,0.106,9.4,24.6,0.0,25,O3
2022-10-24,Sedona,2.1,26,12.6,0.077,7.8,19.6,0.0,24,O3
2022-10-25,Sedona,3.4,20,17.3,0.115,8.7,21.1,0.0,19,O3
2022-10-26,Sedona,4.6,21,19.5,0.124,3.8,24.6,0.0,19,PM2.5
2022-10-27,Sedona,8.3,34,13.1,0.266,4.0,16.0,0.0,35,PM2.5
2022-10-28,Sedona,10.5,36,14.4,0.246,4.1,17.9,0.0,44,PM2.5
2022-10-29,Sedona,6.2,33,15.1,0.199,2.6,16.4,0.0,31,O3
2022-10-30,Sedona,3.9,20,8.2,0.092,7.3,11.8,0.0,19,O3
2022-10-31,Sedona,6.0,47,11.3,0.224,7.3,7.5,0.0,44,O3
2022-11-01,Sedona,3.0,53,10.6,0.077,2.1,19.1,0.0,49,O3
2022-11-02,Sedona,11.6,23,11.7,0.312,3.1,15.4,0.0,48,PM2.5
2022-11-03,Sedona,10.1,50,10.5,0.356,7.2,9.3,0.0,46,O3
2022-11-04,Sedona,7.7,49,14.0,0.199,2.9,23.4,0.0,45,O3
2022-11-05,Sedona,7.5,21,7.5,0.215,5.3,22.2,0.0,31,PM2.5
2022-11-06,Sedona,7.6,30,9.6,0.282,6.1,12.1,0.0,32,PM2.5
2022-11-07,Sedona,9.1,54,17.4,0.285,3.9,19.5,0.0,50,O3
2022-11-08,Sedona,8.6,36,17.2,0.243,2.6,12.3,0.0,36,PM2.5
2022-11-09,Sedona,4.1,49,19.4,0.157,2.7,6.6,0.0,45,O3
2022-11-10,Sedona,6.1,26,16.0,0.196,2.0,13.2,0.0,25,PM2.5
2022-11-11,Sedona,4.4,44,6.3,0.15,1.8,24.8,7.7,41,O3
2022-11-12,Sedona,5.5,38,13.1,0.119,0.2,11.2,0.0,35,O3
2022-11-13,Sedona,9.9,27,17.9,0.295,5.3,10.2,0.0,41,PM2.5
2022-11-14,Sedona,8.5,28,11.6,0.18,4.3,8.8,0.0,35,PM2.5
2022-11-15,Sedona,3.7,31,4.9,0.081,2.5,17.4,7.4,29,O3
2022-11-16,Sedona,6.1,50,17.4,0.171,0.5,13.3,0.0,46,O3
2022-11-17,Sedona,9.1,53,14.4,0.248,2.3,5.0,0.0,49,O3
2022-11-18,Sedona,2.8,32,11.9,0.101,4.1,5.1,0.0,30,O3
2022-11-19,Sedona,6.9,27,18.6,0.238,3.6,19.2,0.0,29,PM2.5
2022-11-20,Sedona,11.2,36,14.0,0.298,2.0,16.1,0.0,47,PM2.5
2022-11-21,Sedona,9.8,52,12.8,0.216,-0.7,23.6,0.0,48,O3
2022-11-22,Sedona,6.4,21,6.3,0.134,0.2,13.3,0.0,27,PM2.5
2022-11-23,Sedona,3.3,53,18.3,0.068,0.2,10.8,0.0,49,O3
2022-11-24,Sedona,2.5,45,9.8,0.061,-0.9,11.6,0.0,42,O3
2022-11-25,Sedona,5.6,48,3.8,0.173,2.1,24.0,9.1,44,O3
2022-11-26,Sedona,10.4,34,9.0,0.229,2.3,20.4,0.0,43,PM2.5
2022-11-27,Sedona,4.3,39,17.2,0.088,3.3,8.2,0.0,36,O3
2022-11-28,Sedona,4.4,52,16.9,0.119,1.9,18.4,0.0,48,O3
2022-11-29,Sedona,4.5,47,16.8,0.137,2.3,16.4,0.0,44,O3
2022-11-30,Sedona,10.4,50,17.7,0.356,2.9,24.2,0.0,46,O3
2022-12-01,Sedona,9.3,23,18.4,0.19,2.4,14.8,0.0,39,PM2.5
2022-12-02,Sedona,5.2,35,7.9,0.126,2.9,6.9,0.0,32,O3
2022-12-03,Sedona,7.5,53,6.4,0.174,1.4,23.1,0.0,49,O3
2022-12-04,Sedona,2.4,53,6.4,0.062,-0.3,18.4,0.0,49,O3
2022-12-05,Sedona,9.5,43,13.2,0.259,-1.6,14.4,0.0,40,PM2.5
2022-12-06,Sedona,3.9,22,6.4,0.103,2.2,16.8,0.0,20,O3
2022-12-07,Sedona,4.6,23,7.4,0.097,1.1,10.1,0.0,21,O3
2022-12-08,Sedona,3.4,20,17.9,0.133,2.5,19.1,0.0,19,O3
2022-12-09,Sedona,6.6,54,6.3,0.14,-0.8,10.9,0.0,50,O3
2022-12-10,Sedona,10.3,23,10.1,0.22,2.7,15.8,0.0,43,PM2.5
2022-12-11,Sedona,8.5,40,10.0,0.239,2.9,13.6,0.0,37,O3
2022-12-12,Sedona,11.8,40,16.2,0.397,-1.1,9.4,0.0,49,PM2.5
2022-12-13,Sedona,7.7,25,6.0,0.2,0.0,20.5,0.0,32,PM2.5
2022-12-14,Sedona,9.4,36,20.0,0.303,-2.0,18.9,0.0,39,PM2.5
2022-12-15,Sedona,11.2,52,19.4,0.345,0.1,10.3,0.0,48,O3
2022-12-16,Sedona,4.7,38,17.8,0.173,2.1,21.8,0.0,35,O3
2022-12-17,Sedona,10.6,24,5.2,0.4,-0.5,24.6,0.0,44,PM2.5
2022-12-18,Sedona,5.1,35,9.4,0.126,-2.9,6.2,9.3,32,O3
2022-12-19,Sedona,2.7,44,6.6,0.087,0.3,12.9,8.7,41,O3
2022-12-20,Sedona,7.5,24,8.3,0.221,-1.8,18.9,0.0,31,PM2.5
2022-12-21,Sedona,8.9,46,11.0,0.204,-2.3,14.2,0.0,43,O3
2022-12-22,Sedona,3.8,24,7.1,0.143,-3.0,20.7,0.0,22,O3
2022-12-23,Sedona,11.0,53,15.9,0.3,-1.9,12.2,0.0,49,O3
2022-12-24,Sedona,11.0,37,5.6,0.357,2.6,9.6,0.0,46,PM2.5
2022-12-25,Sedona,9.8,26,16.6,0.333,-0.4,17.9,0.0,41,PM2.5
2022-12-26,Sedona,8.5,38,15.9,0.316,0.8,12.9,0.0,35,PM2.5
2022-12-27,Sedona,9.1,34,14.1,0.319,2.2,14.5,0.0,38,PM2.5
2022-12-28,Sedona,7.8,33,19.8,0.188,-1.6,20.6,0.0,32,PM2.5
2022-12-29,Sedona,2.7,36,8.3,0.082,2.2,17.4,0.0,33,O3
2022-12-30,Sedona,11.8,37,16.5,0.25,2.3,14.2,0.0,49,PM2.5
2022-12-31,Sedona,7.5,27,14.1,0.18,0.4,17.4,0.0,31,PM2.5
2023-01-01,Sedona,7.9,25,15.6,0.198,-2.6,22.4,0.0,33,PM2.5
2023-01-02,Sedona,4.0,26,9.4,0.119,1.7,13.6,0.0,24,O3
2023-01-03,Sedona,5.1,21,16.6,0.105,1.8,14.8,0.0,21,PM2.5
2023-01-04,Sedona,7.3,44,5.3,0.183,-0.6,23.7,0.0,41,O3
2023-01-05,Sedona,2.3,49,12.7,0.071,0.4,17.0,0.0,45,O3
2023-01-06,Sedona,5.2,33,19.6,0.173,1.1,23.0,0.0,31,O3
2023-01-07,Sedona,2.4,47,5.2,0.064,1.9,20.5,0.0,44,O3
2023-01-08,Sedona,6.3,26,18.8,0.212,-1.1,18.1,0.0,26,PM2.5
2023-01-09,Sedona,7.7,51,17.8,0.293,-1.0,12.7,1.7,47,O3
2023-01-10,Sedona,2.3,30,6.6,0.069,2.5,8.1,0.0,28,O3
2023-01-11,Sedona,7.2,23,16.9,0.255,-0.8,24.5,0.0,30,PM2.5
2023-01-12,Sedona,3.4,24,10.8,0.09,-1.2,19.0,0.0,22,O3
2023-01-13,Sedona,10.8,20,17.2,0.253,1.4,14.7,0.0,45,PM2.5
2023-01-14,Sedona,7.9,28,5.8,0.237,4.2,19.2,0.0,33,PM2.5
2023-01-15,Sedona,9.7,50,16.9,0.291,0.4,16.4,0.0,46,O3
2023-01-16,Sedona,3.6,33,9.6,0.109,0.4,5.5,0.0,31,O3
2023-01-17,Sedona,10.9,53,14.7,0.365,2.1,22.7,0.0,49,O3
2023-01-18,Sedona,7.0,40,8.1,0.141,1.7,23.4,0.0,37,O3
2023-01-19,Sedona,6.9,52,15.6,0.266,1.5,23.6,0.0,48,O3
2023-01-20,Sedona,6.2,50,18.2,0.219,1.0,24.5,0.0,46,O3
2023-01-21,Sedona,5.7,49,18.2,0.132,-0.4,20.8,0.0,45,O3
2023-01-22,Sedona,11.5,44,10.7,0.331,3.3,6.7,0.0,48,PM2.5
2023-01-23,Sedona,4.2,53,6.7,0.098,0.2,8.2,0.0,49,O3
2023-01-24,Sedona,8.5,24,5.9,0.326,2.2,13.9,0.0,35,PM2.5
2023-01-25,Sedona,4.7,24,5.0,0.143,1.9,21.0,0.0,22,O3
2023-01-26,Sedona,9.6,26,18.7,0.236,0.5,9.7,0.0,40,PM2.5
2023-01-27,Sedona,9.0,49,18.1,0.193,3.3,18.2,0.0,45,O3
2023-01-28,Sedona,7.5,52,16.5,0.208,5.7,11.6,0.0,48,O3
2023-01-29,Sedona,11.3,33,6.4,0.307,6.0,20.3,0.0,47,PM2.5
2023-01-30,Sedona,8.5,29,8.3,0.327,4.1,20.4,0.0,35,PM2.5
2023-01-31,Sedona,10.9,32,18.4,0.233,3.8,7.7,0.0,45,PM2.5
2023-02-01,Sedona,6.4,47,11.1,0.189,1.5,10.5,1.3,44,O3
2023-02-02,Sedona,3.8,40,5.3,0.151,2.5,13.9,0.0,37,O3
2023-02-03,Sedona,5.1,24,7.0,0.106,2.4,6.6,0.0,22,O3
2023-02-04,Sedona,6.0,46,7.1,0.182,5.2,10.7,0.0,43,O3
2023-02-05,Sedona,11.4,51,5.4,0.357,7.3,8.4,0.0,48,PM2.5
2023-02-06,Sedona,5.0,43,6.6,0.2,7.8,23.9,0.0,40,O3
2023-02-07,Sedona,8.2,36,6.6,0.218,3.8,6.3,0.0,34,PM2.5
2023-02-08,Sedona,7.6,46,12.2,0.277,4.9,23.2,0.0,43,O3
2023-02-09,Sedona,3.1,26,19.1,0.078,3.3,8.6,0.0,24,O3
2023-02-10,Sedona,7.7,54,8.0,0.217,7.4,24.3,0.0,50,O3
2023-02-11,Sedona,2.4,21,14.8,0.061,5.3,24.2,0.0,19,O3
2023-02-12,Sedona,9.0,53,10.0,0.297,6.9,13.4,0.0,49,O3
2023-02-13,Sedona,2.3,26,11.2,0.064,6.7,9.5,0.0,24,O3
2023-02-14,Sedona,4.6,41,15.9,0.101,8.6,8.8,0.0,38,O3
2023-02-15,Sedona,3.8,29,18.0,0.13,9.1,10.5,0.0,27,O3
2023-02-16,Sedona,6.6,52,17.9,0.181,8.0,21.2,0.0,48,O3
2023-02-17,Sedona,2.9,24,17.4,0.074,8.2,5.5,0.0,22,O3
2023-02-18,Sedona,2.2,55,8.9,0.048,6.0,21.5,0.0,51,O3
2023-02-19,Sedona,6.4,48,15.1,0.197,8.8,10.7,0.0,44,O3
2023-02-20,Sedona,7.4,29,14.7,0.183,8.5,20.4,0.0,31,PM2.5
2023-02-21,Sedona,7.3,27,17.6,0.151,10.6,23.3,0.0,30,PM2.5
2023-02-22,Sedona,3.6,29,19.7,0.135,9.5,13.0,0.0,27,O3
2023-02-23,Sedona,10.8,50,14.1,0.429,6.6,7.5,0.0,46,O3
2023-02-24,Sedona,10.1,23,16.5,0.399,8.0,20.8,0.0,42,PM2.5
2023-02-25,Sedona,6.5,35,19.3,0.246,9.0,6.8,0.0,32,O3
2023-02-26,Sedona,11.9,38,17.3,0.249,7.6,12.9,0.0,50,PM2.5
2023-02-27,Sedona,7.0,21,8.5,0.159,6.6,18.7,0.0,29,PM2.5
2023-02-28,Sedona,5.2,30,13.8,0.169,10.5,6.6,0.0,28,O3
2023-03-01,Sedona,8.9,53,5.0,0.252,12.7,21.5,0.0,49,O3
2023-03-02,Sedona,9.6,30,11.5,0.213,11.5,9.7,0.0,40,PM2.5
2023-03-03,Sedona,5.5,52,10.1,0.184,13.1,14.3,0.0,48,O3
2023-03-04,Sedona,12.0,38,17.9,0.412,10.0,11.0,0.0,50,PM2.5
2023-03-05,Sedona,7.1,55,6.9,0.257,11.1,10.1,0.0,51,O3
2023-03-06,Sedona,9.9,21,15.7,0.362,10.0,24.3,0.0,41,PM2.5
2023-03-07,Sedona,3.3,52,15.8,0.078,8.7,16.3,0.0,48,O3
2023-03-08,Sedona,4.9,31,18.8,0.184,9.9,21.3,0.0,29,O3
2023-03-09,Sedona,10.1,27,18.6,0.381,13.0,16.3,0.0,42,PM2.5
2023-03-10,Sedona,4.7,49,19.5,0.114,10.9,19.2,0.0,45,O3
2023-03-11,Sedona,8.8,47,8.2,0.182,9.5,18.4,0.0,44,O3
2023-03-12,Sedona,2.5,23,8.4,0.06,13.8,16.2,0.0,21,O3
2023-03-13,Sedona,6.9,45,11.6,0.141,15.3,12.4,0.0,42,O3
2023-03-14,Sedona,7.5,38,17.4,0.189,11.9,17.4,0.0,35,O3
2023-03-15,Sedona,9.6,21,13.8,0.326,13.5,22.0,0.0,40,PM2.5
2023-03-16,Sedona,10.5,27,7.5,0.249,12.9,16.0,0.0,44,PM2.5
2023-03-17,Sedona,7.3,49,5.8,0.283,13.9,5.4,0.0,45,O3
2023-03-18,Sedona,4.5,33,8.3,0.144,13.7,14.5,0.0,31,O3
2023-03-19,Sedona,5.4,50,11.5,0.134,13.8,7.0,0.0,46,O3
2023-03-20,Sedona,3.9,25,9.5,0.129,17.5,22.2,0.0,23,O3
2023-03-21,Sedona,11.8,24,11.8,0.412,17.7,11.5,0.0,49,PM2.5
2023-03-22,Sedona,11.1,49,19.1,0.226,12.9,18.2,0.0,46,PM2.5
2023-03-23,Sedona,10.6,31,10.9,0.222,15.1,10.6,0.0,44,PM2.5
2023-03-24,Sedona,9.3,32,16.3,0.369,17.0,8.9,0.0,39,PM2.5
2023-03-25,Sedona,11.8,47,15.5,0.312,18.3,14.0,0.0,49,PM2.5
2023-03-26,Sedona,9.5,36,9.1,0.243,16.0,17.3,0.0,40,PM2.5
2023-03-27,Sedona,10.4,49,15.4,0.278,19.2,15.0,0.0,45,O3
2023-03-28,Sedona,1.5,25,6.4,0.044,16.6,23.7,8.2,23,O3
2023-03-29,Sedona,4.2,47,8.1,0.1,18.2,15.4,0.0,44,O3
2023-03-30,Sedona,5.6,26,18.3,0.192,16.3,21.9,0.0,24,O3
2023-03-31,Sedona,3.1,49,7.7,0.117,16.6,20.3,0.0,45,O3
2023-04-01,Sedona,7.4,51,15.8,0.233,14.8,11.8,0.0,47,O3
2023-04-02,Sedona,6.9,41,5.4,0.193,17.1,17.4,0.0,38,O3
2023-04-03,Sedona,4.3,28,8.5,0.143,18.3,15.1,0.0,26,O3
2023-04-04,Sedona,4.5,21,15.8,0.093,21.4,7.2,0.0,19,PM2.5
2023-04-05,Sedona,7.6,40,18.6,0.268,19.2,23.2,3.2,37,O3
2023-04-06,Sedona,8.5,48,13.2,0.193,18.8,23.9,0.0,44,O3
2023-04-07,Sedona,6.8,45,17.0,0.195,21.9,24.6,0.0,42,O3
2023-04-08,Sedona,8.6,30,10.1,0.231,18.6,17.7,0.0,36,PM2.5
2023-04-09,Sedona,12.0,32,18.8,0.282,18.2,23.6,0.0,50,PM2.5
2023-04-10,Sedona,11.0,36,15.7,0.246,18.8,7.7,0.0,46,PM2.5
2023-04-11,Sedona,11.1,24,16.6,0.267,21.7,11.7,0.0,46,PM2.5
2023-04-12,Sedona,2.5,46,16.8,0.053,23.0,6.4,0.0,43,O3
2023-04-13,Sedona,4.2,33,11.1,0.088,21.9,16.0,0.0,31,O3
2023-04-14,Sedona,6.7,45,12.5,0.143,22.5,10.0,0.0,42,O3
2023-04-15,Sedona,11.3,40,11.3,0.323,20.5,12.1,0.0,47,PM2.5
2023-04-16,Sedona,9.2,42,7.1,0.285,18.8,11.2,0.0,39,O3
2023-04-17,Sedona,6.0,46,8.1,0.17,22.2,21.8,0.0,43,O3
2023-04-18,Sedona,2.6,31,10.8,0.054,23.4,15.9,0.0,29,O3
2023-04-19,Sedona,4.7,55,9.1,0.124,24.2,22.6,0.0,51,O3
2023-04-20,Sedona,9.1,32,10.6,0.28,22.0,7.6,0.0,38,PM2.5
2023-04-21,Sedona,7.1,40,14.4,0.188,24.8,18.3,0.0,37,O3
2023-04-22,Sedona,6.9,24,14.5,0.202,25.0,23.0,0.0,29,PM2.5
2023-04-23,Sedona,7.7,45,15.0,0.297,21.3,14.8,0.0,42,O3
2023-04-24,Sedona,6.9,22,10.8,0.225,23.6,11.0,0.0,29,PM2.5
2023-04-25,Sedona,3.8,54,19.9,0.098,24.2,11.3,0.0,50,O3
2023-04-26,Sedona,7.5,51,19.4,0.194,26.5,12.9,0.0,47,O3
2023-04-27,Sedona,3.8,34,8.1,0.116,22.5,20.7,0.0,31,O3
2023-04-28,Sedona,8.4,27,11.6,0.269,26.2,16.6,0.0,35,PM2.5
2023-04-29,Sedona,10.4,20,9.9,0.346,26.7,24.6,0.0,43,PM2.5
2023-04-30,Sedona,11.6,21,12.3,0.338,23.5,21.5,0.0,48,PM2.5
2023-05-01,Sedona,7.7,23,12.1,0.267,24.1,17.2,0.0,32,PM2.5
2023-05-02,Sedona,2.7,33,11.1,0.06,27.9,17.3,0.0,31,O3
2023-05-03,Sedona,4.8,45,8.9,0.177,22.8,5.2,0.0,42,O3
2023-05-04,Sedona,9.2,26,6.3,0.343,28.0,20.0,0.0,38,PM2.5
2023-05-05,Sedona,8.0,42,17.6,0.269,25.9,22.8,0.0,39,O3
2023-05-06,Sedona,11.0,31,11.1,0.266,25.0,14.6,0.0,46,PM2.5
2023-05-07,Sedona,2.7,23,6.5,0.062,23.4,10.1,2.5,21,O3
2023-05-08,Sedona,4.4,26,11.7,0.161,26.5,18.1,8.1,24,O3
2023-05-09,Sedona,4.1,54,8.9,0.094,24.1,22.2,0.0,50,O3
2023-05-10,Sedona,9.1,37,10.8,0.282,28.0,18.9,0.0,38,PM2.5
2023-05-11,Sedona,9.2,45,6.2,0.259,25.4,7.4,0.0,42,O3
2023-05-12,Sedona,5.7,31,11.6,0.171,28.8,15.9,0.0,29,O3
2023-05-13,Sedona,3.8,38,18.3,0.083,29.1,19.2,0.0,35,O3
2023-05-14,Sedona,3.8,43,3.3,0.128,27.9,17.2,9.3,40,O3
2023-05-15,Sedona,5.3,52,10.3,0.126,26.3,15.9,0.0,48,O3
2023-05-16,Sedona,9.3,38,5.8,0.31,26.6,12.3,0.0,39,PM2.5
2023-05-17,Sedona,10.9,25,9.5,0.311,29.4,24.3,0.0,45,PM2.5
2023-05-18,Sedona,4.7,23,13.1,0.153,30.4,7.2,0.0,21,O3
2023-05-19,Sedona,11.0,27,12.5,0.291,26.7,16.1,0.0,46,PM2.5
2023-05-20,Sedona,5.2,36,11.5,0.165,30.0,14.2,7.6,33,O3
2023-05-21,Sedona,11.9,29,10.4,0.451,29.0,9.4,0.0,50,PM2.5
2023-05-22,Sedona,5.9,24,15.8,0.159,30.7,14.9,0.0,25,PM2.5
2023-05-23,Sedona,9.5,40,14.4,0.243,25.9,24.7,0.0,40,PM2.5
2023-05-24,Sedona,9.4,49,11.4,0.244,27.3,15.0,0.0,45,O3
2023-05-25,Sedona,9.2,45,6.8,0.282,28.9,23.4,0.0,42,O3
2023-05-26,Sedona,7.8,46,19.0,0.271,26.6,6.1,0.0,43,O3
2023-05-27,Sedona,6.6,42,6.7,0.197,27.9,20.6,0.0,39,O3
2023-05-28,Sedona,10.8,35,15.8,0.416,29.3,16.0,0.0,45,PM2.5
2023-05-29,Sedona,2.5,34,17.4,0.058,30.8,15.3,0.0,31,O3
2023-05-30,Sedona,2.1,40,13.3,0.042,30.2,20.8,0.0,37,O3
2023-05-31,Sedona,9.7,21,19.6,0.38,31.6,11.6,0.0,40,PM2.5
2023-06-01,Sedona,5.1,32,12.4,0.106,28.8,18.8,0.0,30,O3
2023-06-02,Sedona,7.4,38,19.7,0.215,29.8,16.8,0.0,35,O3
2023-06-03,Sedona,2.7,51,14.8,0.083,31.6,11.6,0.0,47,O3
2023-06-04,Sedona,4.8,32,18.9,0.109,27.4,21.5,0.0,30,O3
2023-06-05,Sedona,3.0,29,10.0,0.071,30.5,22.9,0.0,27,O3
2023-06-06,Sedona,5.6,23,15.8,0.19,30.3,12.2,0.0,23,PM2.5
2023-06-07,Sedona,9.9,29,13.9,0.304,31.2,7.8,0.0,41,PM2.5
2023-06-08,Sedona,6.3,47,16.9,0.213,30.8,13.0,5.1,44,O3
2023-06-09,Sedona,2.9,30,16.2,0.104,30.6,22.7,0.0,28,O3
2023-06-10,Sedona,11.4,44,15.0,0.327,28.1,23.5,0.0,48,PM2.5
2023-06-11,Sedona,9.5,45,13.9,0.296,32.8,20.8,0.0,42,O3
2023-06-12,Sedona,10.3,47,12.0,0.35,29.1,7.9,0.0,44,O3
2023-06-13,Sedona,3.4,22,11.4,0.122,30.9,23.0,0.0,20,O3
2023-06-14,Sedona,8.3,31,9.7,0.257,30.6,18.8,0.0,35,PM2.5
2023-06-15,Sedona,10.0,35,15.5,0.363,32.5,18.6,0.0,42,PM2.5
2023-06-16,Sedona,2.2,50,5.8,0.075,27.0,12.6,0.0,46,O3
2023-06-17,Sedona,8.3,40,13.0,0.236,28.1,23.2,3.5,37,O3
2023-06-18,Sedona,3.0,37,14.8,0.09,27.5,19.2,0.0,34,O3
2023-06-19,Sedona,6.9,33,7.2,0.247,32.4,14.7,0.0,31,O3
2023-06-20,Sedona,3.7,33,15.4,0.117,32.7,15.8,0.0,31,O3
2023-06-21,Sedona,7.5,42,10.5,0.154,27.4,10.8,7.0,39,O3
2023-06-22,Sedona,9.2,53,19.0,0.24,31.0,11.3,0.0,49,O3
2023-06-23,Sedona,7.0,54,9.1,0.149,29.7,11.6,0.0,50,O3
2023-06-24,Sedona,8.5,26,16.0,0.208,27.3,10.8,0.0,35,PM2.5
2023-06-25,Sedona,4.2,26,15.6,0.096,31.6,24.7,0.0,24,O3
2023-06-26,Sedona,9.4,47,9.4,0.286,32.0,23.5,0.0,44,O3
2023-06-27,Sedona,8.8,37,10.9,0.256,30.2,14.7,6.0,37,PM2.5
2023-06-28,Sedona,8.6,50,11.6,0.175,31.7,15.9,0.0,46,O3
2023-06-29,Sedona,2.8,50,15.8,0.107,32.3,20.5,0.0,46,O3
2023-06-30,Sedona,5.3,37,12.8,0.193,30.6,22.9,0.0,34,O3
2023-07-01,Sedona,4.4,38,17.1,0.117,32.0,5.7,0.0,35,O3
2023-07-02,Sedona,11.6,53,9.9,0.291,31.7,8.5,0.0,49,O3
2023-07-03,Sedona,8.2,54,11.3,0.243,29.5,9.6,0.0,50,O3
2023-07-04,Sedona,2.9,26,11.2,0.079,28.4,5.3,0.0,24,O3
2023-07-05,Sedona,10.3,31,16.0,0.283,31.7,18.4,0.0,43,PM2.5
2023-07-06,Sedona,7.9,29,6.9,0.257,28.8,8.7,0.0,33,PM2.5
2023-07-07,Sedona,6.7,27,6.4,0.248,32.0,5.6,0.0,28,PM2.5
2023-07-08,Sedona,8.5,36,16.3,0.262,26.4,12.9,0.0,35,PM2.5
2023-07-09,Sedona,7.6,30,16.5,0.225,27.0,18.4,0.0,32,PM2.5
2023-07-10,Sedona,8.9,54,15.2,0.245,31.4,10.7,0.0,50,O3
2023-07-11,Sedona,3.0,31,11.6,0.06,29.3,16.8,0.0,29,O3
2023-07-12,Sedona,11.2,42,17.8,0.414,29.8,9.1,0.0,47,PM2.5
2023-07-13,Sedona,10.1,25,13.4,0.239,30.4,20.9,0.0,42,PM2.5
2023-07-14,Sedona,3.1,40,15.6,0.064,25.8,21.5,0.0,37,O3
2023-07-15,Sedona,11.7,31,17.3,0.456,26.9,19.9,0.0,49,PM2.5
2023-07-16,Sedona,3.7,45,9.2,0.076,30.7,18.3,0.0,42,O3
2023-07-17,Sedona,3.5,52,6.8,0.131,26.4,18.8,7.5,48,O3
2023-07-18,Sedona,5.6,35,9.2,0.216,30.2,11.9,0.0,32,O3
2023-07-19,Sedona,6.4,32,16.7,0.19,29.1,19.6,0.0,30,O3
2023-07-20,Sedona,6.8,44,12.0,0.259,26.5,17.0,0.0,41,O3
2023-07-21,Sedona,11.4,29,19.3,0.25,27.5,18.6,0.0,48,PM2.5
2023-07-22,Sedona,10.4,33,10.0,0.22,26.1,24.7,0.0,43,PM2.5
2023-07-23,Sedona,9.3,51,10.1,0.26,29.5,6.9,0.0,47,O3
2023-07-24,Sedona,2.6,55,19.5,0.082,26.4,13.6,0.0,51,O3
2023-07-25,Sedona,8.5,28,15.5,0.262,25.6,20.9,0.0,35,PM2.5
2023-07-26,Sedona,7.7,36,9.9,0.252,27.9,23.9,0.0,33,O3
2023-07-27,Sedona,6.5,48,6.4,0.156,26.0,17.5,0.0,44,O3
2023-07-28,Sedona,8.7,48,9.5,0.22,24.0,15.3,0.0,44,O3
2023-07-29,Sedona,5.4,41,5.8,0.184,28.0,22.3,0.0,38,O3
2023-07-30,Sedona,10.9,54,9.5,0.319,23.7,15.4,0.0,50,O3
2023-07-31,Sedona,9.1,45,9.5,0.275,29.4,9.4,4.2,42,O3
2023-08-01,Sedona,2.2,51,15.8,0.053,28.6,12.7,0.0,47,O3
2023-08-02,Sedona,10.3,31,16.5,0.267,26.1,18.6,0.0,43,PM2.5
2023-08-03,Sedona,4.2,32,8.8,0.154,23.8,7.3,0.0,30,O3
2023-08-04,Sedona,6.2,49,10.4,0.16,25.9,19.6,0.0,45,O3
2023-08-05,Sedona,2.7,44,15.3,0.078,24.2,13.9,0.0,41,O3
2023-08-06,Sedona,6.1,23,15.1,0.218,23.6,8.3,0.0,25,PM2.5
2023-08-07,Sedona,6.4,26,13.0,0.205,25.1,8.5,6.0,27,PM2.5
2023-08-08,Sedona,10.1,37,12.6,0.233,26.1,9.5,0.0,42,PM2.5
2023-08-09,Sedona,11.8,33,19.1,0.291,26.9,7.0,0.0,49,PM2.5
2023-08-10,Sedona,3.6,33,15.2,0.125,24.6,6.4,0.0,31,O3
2023-08-11,Sedona,2.5,43,15.2,0.077,21.6,10.3,0.0,40,O3
2023-08-12,Sedona,11.5,55,13.4,0.417,26.3,19.0,3.5,51,O3
2023-08-13,Sedona,9.4,35,13.9,0.289,25.7,9.0,0.0,39,PM2.5
2023-08-14,Sedona,3.4,52,12.0,0.108,22.5,18.8,0.0,48,O3
2023-08-15,Sedona,2.2,28,14.3,0.054,23.1,7.4,0.0,26,O3
2023-08-16,Sedona,7.4,28,16.2,0.246,21.7,11.4,0.0,31,PM2.5
2023-08-17,Sedona,9.9,32,8.6,0.286,25.5,8.0,0.0,41,PM2.5
2023-08-18,Sedona,5.8,41,15.0,0.191,22.2,7.2,0.0,38,O3
2023-08-19,Sedona,4.3,53,5.4,0.133,22.7,20.1,0.0,49,O3
2023-08-20,Sedona,4.0,21,5.1,0.093,19.6,10.2,0.0,19,O3
2023-08-21,Sedona,4.5,24,13.0,0.179,21.6,5.7,7.6,22,O3
2023-08-22,Sedona,8.4,27,6.7,0.291,21.4,12.9,0.0,35,PM2.5
2023-08-23,Sedona,5.3,32,14.8,0.121,23.1,15.3,0.0,30,O3
2023-08-24,Sedona,3.0,54,5.3,0.078,19.1,21.3,0.0,50,O3
2023-08-25,Sedona,8.4,44,13.5,0.259,20.5,22.0,0.0,41,O3
2023-08-26,Sedona,8.3,45,11.8,0.247,23.0,13.1,0.0,42,O3
2023-08-27,Sedona,9.6,27,9.0,0.239,19.0,10.0,0.0,40,PM2.5
2023-08-28,Sedona,5.0,22,10.4,0.154,19.7,21.4,0.0,21,PM2.5
2023-08-29,Sedona,6.8,28,12.8,0.228,17.8,13.5,0.0,28,PM2.5
2023-08-30,Sedona,11.2,39,7.9,0.262,22.7,15.4,0.0,47,PM2.5
2023-08-31,Sedona,9.6,52,15.5,0.219,21.3,5.4,0.0,48,O3
2023-09-01,Sedona,7.1,43,18.1,0.278,22.2,24.6,0.0,40,O3
2023-09-02,Sedona,3.3,46,6.9,0.115,16.7,21.8,0.0,43,O3
2023-09-03,Sedona,9.7,40,9.7,0.351,17.1,21.1,0.0,40,PM2.5
2023-09-04,Sedona,2.4,50,16.4,0.083,21.1,6.7,0.0,46,O3
2023-09-05,Sedona,3.9,44,11.2,0.142,16.7,11.8,0.0,41,O3
2023-09-06,Sedona,5.6,48,8.5,0.13,20.3,17.9,9.9,44,O3
2023-09-07,Sedona,9.5,41,18.7,0.317,19.0,24.7,0.0,40,PM2.5
2023-09-08,Sedona,3.0,32,11.5,0.111,18.0,17.5,0.0,30,O3
2023-09-09,Sedona,6.9,25,7.2,0.263,16.7,12.1,0.0,29,PM2.5
2023-09-10,Sedona,3.7,35,15.4,0.093,15.8,8.6,0.0,32,O3
2023-09-11,Sedona,8.0,47,18.6,0.232,15.0,12.8,0.0,44,O3
2023-09-12,Sedona,2.8,28,15.9,0.075,19.1,6.9,0.0,26,O3
2023-09-13,Sedona,10.2,54,7.6,0.277,17.4,20.4,0.0,50,O3
2023-09-14,Sedona,6.9,23,15.2,0.217,17.2,12.3,0.0,29,PM2.5
2023-09-15,Sedona,11.5,40,19.4,0.445,18.6,6.2,0.0,48,PM2.5
2023-09-16,Sedona,6.6,42,19.0,0.132,13.9,16.9,0.0,39,O3
2023-09-17,Sedona,5.8,26,15.1,0.186,14.8,7.9,0.0,24,PM2.5
2023-09-18,Sedona,10.0,38,5.3,0.22,13.3,13.3,0.0,42,PM2.5
2023-09-19,Sedona,9.7,41,14.0,0.365,17.2,20.8,0.0,40,PM2.5
2023-09-20,Sedona,7.1,46,16.0,0.28,13.2,22.4,0.0,43,O3
2023-09-21,Sedona,5.7,27,11.9,0.202,16.9,8.5,0.0,25,O3
2023-09-22,Sedona,8.3,24,17.5,0.33,12.5,18.8,0.0,35,PM2.5
2023-09-23,Sedona,10.4,22,13.4,0.261,12.7,23.4,0.0,43,PM2.5
2023-09-24,Sedona,5.8,44,7.2,0.153,14.1,16.9,0.0,41,O3
2023-09-25,Sedona,4.4,43,7.1,0.138,15.1,5.5,0.0,40,O3
2023-09-26,Sedona,9.4,24,14.0,0.269,11.9,16.6,0.0,39,PM2.5
2023-09-27,Sedona,3.5,53,16.7,0.137,14.3,6.9,0.0,49,O3
2023-09-28,Sedona,5.5,44,18.1,0.122,11.5,17.1,0.0,41,O3
2023-09-29,Sedona,8.7,45,5.5,0.206,10.8,18.1,0.0,42,O3
2023-09-30,Sedona,4.3,44,8.4,0.101,14.9,6.9,0.0,41,O3
2023-10-01,Sedona,8.3,52,11.7,0.307,12.4,24.3,0.0,48,O3
2023-10-02,Sedona,11.3,32,15.2,0.248,13.1,8.6,0.0,47,PM2.5
2023-10-03,Sedona,10.9,35,13.6,0.249,12.1,21.4,0.0,45,PM2.5
2023-10-04,Sedona,9.4,26,10.8,0.281,13.1,24.2,0.0,39,PM2.5
2023-10-05,Sedona,9.9,49,7.3,0.336,8.3,24.2,0.0,45,O3
2023-10-06,Sedona,11.6,24,18.7,0.252,9.5,13.5,1.6,48,PM2.5
2023-10-07,Sedona,5.6,55,10.0,0.192,8.3,9.8,0.0,51,O3
2023-10-08,Sedona,6.3,30,11.0,0.159,10.3,12.4,0.0,28,O3
2023-10-09,Sedona,8.6,54,8.6,0.227,10.2,22.8,0.0,50,O3
2023-10-10,Sedona,5.8,36,13.8,0.123,8.1,9.7,0.0,33,O3
2023-10-11,Sedona,8.1,52,17.8,0.271,12.0,24.6,0.0,48,O3
2023-10-12,Sedona,5.1,43,7.4,0.124,10.5,7.6,0.0,40,O3
2023-10-13,Sedona,8.1,46,8.0,0.229,8.0,8.1,0.0,43,O3
2023-10-14,Sedona,5.1,23,5.2,0.18,6.7,24.3,0.0,21,PM2.5
2023-10-15,Sedona,7.7,32,11.9,0.213,6.9,11.3,0.0,32,PM2.5
2023-10-16,Sedona,8.1,38,10.7,0.296,8.4,7.7,0.0,35,O3
2023-10-17,Sedona,5.5,49,10.7,0.152,10.8,13.5,0.0,45,O3
2023-10-18,Sedona,6.9,33,13.3,0.243,9.6,23.6,0.0,31,O3
2023-10-19,Sedona,8.0,46,9.8,0.306,6.2,20.7,0.0,43,O3
2023-10-20,Sedona,2.5,38,10.9,0.082,4.6,20.0,0.0,35,O3
2023-10-21,Sedona,6.3,41,12.9,0.17,9.9,5.2,0.0,38,O3
2023-10-22,Sedona,4.0,24,14.4,0.147,9.3,24.4,0.0,22,O3
2023-10-23,Sedona,9.1,21,10.8,0.221,7.7,10.9,0.0,38,PM2.5
2023-10-24,Sedona,5.3,31,14.7,0.19,5.3,19.4,0.0,29,O3
2023-10-25,Sedona,4.6,47,10.7,0.103,3.7,10.0,0.0,44,O3
2023-10-26,Sedona,10.6,29,17.0,0.411,5.7,8.7,0.0,44,PM2.5
2023-10-27,Sedona,4.8,22,10.0,0.132,3.1,6.3,0.0,20,PM2.5
2023-10-28,Sedona,2.8,22,13.5,0.078,5.2,8.8,0.0,20,O3
2023-10-29,Sedona,10.4,45,15.6,0.343,3.5,13.7,0.0,43,PM2.5
2023-10-30,Sedona,3.1,30,7.7,0.087,4.0,8.1,0.0,28,O3
2023-10-31,Sedona,8.5,40,9.6,0.303,2.8,11.3,0.0,37,O3
2023-11-01,Sedona,7.6,28,9.5,0.219,7.4,13.5,0.0,32,PM2.5
2023-11-02,Sedona,2.9,44,13.9,0.11,3.4,5.4,0.0,41,O3
2023-11-03,Sedona,10.2,28,18.0,0.271,1.8,13.3,0.0,42,PM2.5
2023-11-04,Sedona,9.4,40,7.9,0.234,3.3,16.2,0.0,39,PM2.5
2023-11-05,Sedona,3.7,51,6.3,0.134,4.9,15.2,0.0,47,O3
2023-11-06,Sedona,10.0,36,5.5,0.32,4.6,23.4,0.0,42,PM2.5
2023-11-07,Sedona,3.0,41,12.7,0.073,3.5,12.0,1.7,38,O3
2023-11-08,Sedona,10.2,36,17.3,0.296,1.1,16.7,0.0,42,PM2.5
2023-11-09,Sedona,6.4,34,19.5,0.147,4.4,8.0,0.0,31,O3
2023-11-10,Sedona,4.5,45,8.0,0.121,5.0,11.5,0.0,42,O3
2023-11-11,Sedona,5.5,40,10.1,0.175,0.5,21.3,0.0,37,O3
2023-11-12,Sedona,10.4,42,8.1,0.406,3.9,9.0,0.0,43,PM2.5
2023-11-13,Sedona,6.2,32,16.8,0.207,4.7,19.4,0.0,30,O3
2023-11-14,Sedona,5.6,45,11.3,0.183,5.1,17.3,0.0,42,O3
2023-11-15,Sedona,6.1,30,15.0,0.224,4.1,6.1,0.0,28,O3
2023-11-16,Sedona,3.7,28,19.7,0.084,1.1,19.2,0.0,26,O3
2023-11-17,Sedona,8.1,48,13.1,0.216,1.9,21.9,0.0,44,O3
2023-11-18,Sedona,11.3,49,13.6,0.417,4.9,18.3,0.0,47,PM2.5
2023-11-19,Sedona,7.3,41,13.8,0.19,2.4,16.3,0.0,38,O3
2023-11-20,Sedona,4.2,28,5.6,0.138,3.1,15.1,0.0,26,O3
2023-11-21,Sedona,5.5,21,14.1,0.196,3.1,24.8,0.0,23,PM2.5
2023-11-22,Sedona,3.2,34,5.3,0.07,1.5,13.4,0.0,31,O3
2023-11-23,Sedona,2.4,44,10.7,0.051,2.3,16.2,0.0,41,O3
2023-11-24,Sedona,11.1,47,19.3,0.308,4.3,21.7,4.9,46,PM2.5
2023-11-25,Sedona,10.1,20,18.5,0.272,4.0,15.1,0.0,42,PM2.5
2023-11-26,Sedona,3.5,52,6.1,0.088,2.0,10.2,0.0,48,O3
2023-11-27,Sedona,7.9,46,12.7,0.182,-0.8,10.9,0.0,43,O3
2023-11-28,Sedona,3.3,46,13.1,0.128,2.2,17.0,6.1,43,O3
2023-11-29,Sedona,9.7,22,9.5,0.276,2.7,14.8,0.0,40,PM2.5
2023-11-30,Sedona,9.1,39,12.7,0.236,3.6,18.2,0.0,38,PM2.5
2023-12-01,Sedona,9.1,21,12.6,0.197,1.8,17.5,0.0,38,PM2.5
2023-12-02,Sedona,6.6,30,17.5,0.192,3.1,12.8,0.0,28,PM2.5
2023-12-03,Sedona,5.3,44,7.4,0.136,1.5,21.2,0.0,41,O3
2023-12-04,Sedona,9.6,38,7.3,0.381,-1.3,21.7,0.0,40,PM2.5
2023-12-05,Sedona,2.2,54,13.7,0.083,0.2,9.9,0.0,50,O3
2023-12-06,Sedona,5.7,39,11.0,0.144,-1.9,22.6,5.6,36,O3
2023-12-07,Sedona,2.1,51,10.1,0.064,0.0,24.3,0.0,47,O3
2023-12-08,Sedona,6.8,33,19.9,0.251,3.3,15.6,0.0,31,O3
2023-12-09,Sedona,11.1,22,19.9,0.401,-0.7,15.1,0.0,46,PM2.5
2023-12-10,Sedona,5.6,23,12.0,0.192,0.9,24.6,0.0,23,PM2.5
2023-12-11,Sedona,10.7,36,19.1,0.269,3.0,8.1,0.0,45,PM2.5
2023-12-12,Sedona,4.0,38,6.3,0.153,-0.9,5.6,0.0,35,O3
2023-12-13,Sedona,3.8,42,7.1,0.085,1.7,7.3,0.0,39,O3
2023-12-14,Sedona,8.9,32,19.7,0.356,-0.6,23.0,0.0,37,PM2.5
2023-12-15,Sedona,11.7,24,18.4,0.317,2.9,13.7,0.0,49,PM2.5
2023-12-16,Sedona,11.6,26,18.5,0.455,2.2,18.8,0.0,48,PM2.5
2023-12-17,Sedona,5.7,24,16.5,0.144,2.4,24.2,0.0,24,PM2.5
2023-12-18,Sedona,10.3,47,13.8,0.261,1.1,18.8,0.0,44,O3
2023-12-19,Sedona,5.0,23,12.7,0.11,1.6,24.1,0.0,21,PM2.5
2023-12-20,Sedona,2.5,37,13.9,0.099,2.4,18.3,0.0,34,O3
2023-12-21,Sedona,8.8,39,13.8,0.19,2.1,23.7,0.0,37,PM2.5
2023-12-22,Sedona,8.9,46,5.1,0.351,-1.1,14.0,0.0,43,O3
2023-12-23,Sedona,8.4,20,6.9,0.269,-0.7,10.8,0.0,35,PM2.5
2023-12-24,Sedona,5.1,45,11.9,0.155,1.4,13.1,0.0,42,O3
2023-12-25,Sedona,10.2,36,10.7,0.229,-0.0,9.4,0.0,42,PM2.5
2023-12-26,Sedona,4.0,43,19.3,0.137,-0.9,16.1,0.0,40,O3
2023-12-27,Sedona,5.4,21,14.1,0.192,-2.3,17.8,0.0,23,PM2.5
2023-12-28,Sedona,5.5,54,6.0,0.174,-0.5,21.6,2.3,50,O3
2023-12-29,Sedona,11.1,42,17.1,0.313,1.7,9.1,4.2,46,PM2.5
2023-12-30,Sedona,2.2,54,17.0,0.062,2.9,18.6,0.0,50,O3
2023-12-31,Sedona,6.0,42,13.5,0.219,-2.4,23.3,0.0,39,O3
2022-01-01,Nova Iorque,20.4,39,36.1,0.64,-5.0,2.2,0.0,68,PM2.5
2022-01-02,Nova Iorque,4.0,5,6.3,0.117,-7.2,12.4,0.0,17,PM2.5
2022-01-03,Nova Iorque,14.0,35,22.6,0.407,-2.7,5.6,0.0,55,PM2.5
2022-01-04,Nova Iorque,9.5,31,21.8,0.325,-1.9,3.5,0.0,40,PM2.5
2022-01-05,Nova Iorque,5.6,21,8.4,0.2,-5.4,10.4,0.0,23,PM2.5
2022-01-06,Nova Iorque,12.4,20,17.1,0.293,-6.1,4.1,0.0,52,PM2.5
2022-01-07,Nova Iorque,2.4,22,5.5,0.088,-6.7,8.3,11.9,20,O3
2022-01-08,Nova Iorque,19.9,28,26.4,0.673,-1.5,2.7,0.0,67,PM2.5
2022-01-09,Nova Iorque,7.0,16,7.0,0.232,-6.3,7.5,0.0,29,PM2.5
2022-01-10,Nova Iorque,2.4,21,10.6,0.084,-6.8,7.2,7.7,19,O3
2022-01-11,Nova Iorque,16.2,23,11.0,0.376,-2.7,5.7,0.0,60,PM2.5
2022-01-12,Nova Iorque,6.9,13,11.5,0.17,-4.1,12.5,0.0,29,PM2.5
2022-01-13,Nova Iorque,2.2,12,5.7,0.061,-4.8,13.3,0.0,11,O3
2022-01-14,Nova Iorque,9.7,11,11.6,0.267,-4.6,10.4,0.0,40,PM2.5
2022-01-15,Nova Iorque,6.7,19,11.9,0.138,-0.8,13.3,0.0,28,PM2.5
2022-01-16,Nova Iorque,18.7,41,18.7,0.746,-3.5,4.3,0.0,65,PM2.5
2022-01-17,Nova Iorque,9.4,27,16.0,0.277,-3.7,6.6,0.0,39,PM2.5
2022-01-18,Nova Iorque,9.6,31,16.3,0.256,-2.7,2.9,0.0,40,PM2.5
2022-01-19,Nova Iorque,29.7,47,27.4,0.856,-5.3,2.9,0.0,88,PM2.5
2022-01-20,Nova Iorque,3.2,7,7.6,0.073,-3.1,14.2,0.0,13,PM2.5
2022-01-21,Nova Iorque,11.7,20,22.0,0.455,-2.4,8.4,0.0,49,PM2.5
2022-01-22,Nova Iorque,4.7,28,11.2,0.101,-1.5,8.6,0.0,26,O3
2022-01-23,Nova Iorque,4.8,24,11.5,0.148,-1.2,9.3,0.0,22,O3
2022-01-24,Nova Iorque,4.6,24,14.0,0.144,0.6,9.5,6.7,22,O3
2022-01-25,Nova Iorque,5.3,36,21.1,0.168,-1.8,7.2,0.0,33,O3
2022-01-26,Nova Iorque,8.5,27,15.4,0.307,-2.0,9.6,0.0,35,PM2.5
2022-01-27,Nova Iorque,8.8,11,14.0,0.253,-1.8,12.1,0.0,37,PM2.5
2022-01-28,Nova Iorque,9.1,22,27.7,0.331,-1.8,6.2,0.0,38,PM2.5
2022-01-29,Nova Iorque,12.8,52,17.2,0.45,0.1,3.9,0.0,52,PM2.5
2022-01-30,Nova Iorque,1.1,16,2.1,0.033,-3.0,13.2,17.9,15,O3
2022-01-31,Nova Iorque,11.9,15,17.3,0.399,-1.7,10.2,0.0,50,PM2.5
2022-02-01,Nova Iorque,12.6,38,13.9,0.483,1.4,5.8,0.0,52,PM2.5
2022-02-02,Nova Iorque,6.1,7,11.0,0.145,-3.3,14.8,0.0,25,PM2.5
2022-02-03,Nova Iorque,4.5,21,13.4,0.162,-0.3,12.7,0.0,19,PM2.5
2022-02-04,Nova Iorque,3.1,35,9.0,0.105,1.0,3.8,17.7,32,O3
2022-02-05,Nova Iorque,11.6,31,12.9,0.332,1.6,12.1,0.0,48,PM2.5
2022-02-06,Nova Iorque,22.4,57,34.6,0.88,2.6,5.5,0.0,73,PM2.5
2022-02-07,Nova Iorque,5.9,48,19.1,0.166,1.6,2.4,9.5,44,O3
2022-02-08,Nova Iorque,10.9,36,28.8,0.318,2.1,9.5,0.0,45,PM2.5
2022-02-09,Nova Iorque,10.5,22,23.2,0.303,1.6,8.1,0.0,44,PM2.5
2022-02-10,Nova Iorque,7.4,20,8.2,0.179,-0.8,12.4,13.6,31,PM2.5
2022-02-11,Nova Iorque,12.3,30,18.8,0.262,3.4,13.7,0.0,51,PM2.5
2022-02-12,Nova Iorque,4.0,16,5.2,0.095,3.5,14.1,7.3,17,PM2.5
2022-02-13,Nova Iorque,68.3,47,80.8,2.125,1.2,3.2,0.0,158,PM2.5
2022-02-14,Nova Iorque,5.4,18,13.0,0.172,-0.0,13.3,0.0,23,PM2.5
2022-02-15,Nova Iorque,21.3,14,14.0,0.625,-0.8,13.8,0.0,70,PM2.5
2022-02-16,Nova Iorque,56.4,78,75.8,1.327,-0.6,2.4,2.0,151,PM2.5
2022-02-17,Nova Iorque,19.3,26,20.7,0.487,2.9,13.2,0.0,66,PM2.5
2022-02-18,Nova Iorque,13.3,30,34.3,0.398,3.6,3.4,0.0,54,PM2.5
2022-02-19,Nova Iorque,4.3,30,21.1,0.103,0.6,9.9,0.0,28,O3
2022-02-20,Nova Iorque,6.2,45,15.4,0.139,5.8,10.6,0.0,42,O3
2022-02-21,Nova Iorque,6.8,27,14.1,0.157,0.7,6.2,0.0,28,PM2.5
2022-02-22,Nova Iorque,16.8,30,13.6,0.645,0.5,6.7,0.0,61,PM2.5
2022-02-23,Nova Iorque,28.7,65,44.8,0.669,4.4,2.9,0.0,86,PM2.5
2022-02-24,Nova Iorque,9.2,12,5.0,0.271,1.7,14.6,0.0,38,PM2.5
2022-02-25,Nova Iorque,15.8,42,30.6,0.531,4.0,2.8,0.0,59,PM2.5
2022-02-26,Nova Iorque,9.5,27,20.6,0.259,3.6,13.3,0.0,40,PM2.5
2022-02-27,Nova Iorque,5.6,29,16.0,0.22,6.0,10.1,0.0,27,O3
2022-02-28,Nova Iorque,10.0,44,28.9,0.353,2.2,4.9,0.0,42,PM2.5
2022-03-01,Nova Iorque,9.1,28,16.5,0.288,5.2,10.9,0.0,38,PM2.5
2022-03-02,Nova Iorque,10.5,26,20.9,0.41,5.3,10.8,0.0,44,PM2.5
2022-03-03,Nova Iorque,12.9,28,15.7,0.29,6.7,12.5,0.0,53,PM2.5
2022-03-04,Nova Iorque,11.9,37,10.3,0.412,7.3,11.4,0.0,50,PM2.5
2022-03-05,Nova Iorque,15.9,26,11.7,0.605,6.0,10.3,5.2,59,PM2.5
2022-03-06,Nova Iorque,76.3,104,58.6,2.237,8.0,4.2,0.0,197,O3
2022-03-07,Nova Iorque,7.2,79,13.9,0.248,8.4,2.8,17.4,129,O3
2022-03-08,Nova Iorque,12.8,36,10.5,0.3,9.0,12.6,0.0,52,PM2.5
2022-03-09,Nova Iorque,20.9,48,44.6,0.571,7.7,3.2,0.0,70,PM2.5
2022-03-10,Nova Iorque,12.2,35,16.6,0.291,9.0,14.2,0.0,51,PM2.5
2022-03-11,Nova Iorque,16.3,39,36.8,0.497,7.6,9.3,0.0,60,PM2.5
2022-03-12,Nova Iorque,23.5,32,31.2,0.789,10.2,8.2,0.0,75,PM2.5
2022-03-13,Nova Iorque,16.5,65,22.9,0.452,8.1,2.3,0.0,84,O3
2022-03-14,Nova Iorque,11.8,32,26.3,0.445,6.2,4.3,0.0,49,PM2.5
2022-03-15,Nova Iorque,12.5,62,36.8,0.437,8.0,6.2,0.0,74,O3
2022-03-16,Nova Iorque,9.9,45,35.1,0.208,8.8,6.5,0.0,42,O3
2022-03-17,Nova Iorque,4.9,42,20.6,0.181,8.2,7.1,8.6,39,O3
2022-03-18,Nova Iorque,19.0,42,37.4,0.454,8.7,8.0,0.0,66,PM2.5
2022-03-19,Nova Iorque,10.3,24,28.4,0.374,10.5,13.4,0.0,43,PM2.5
2022-03-20,Nova Iorque,13.0,58,36.2,0.457,8.7,3.1,0.0,61,O3
2022-03-21,Nova Iorque,11.3,42,15.7,0.315,10.4,13.3,0.0,47,PM2.5
2022-03-22,Nova Iorque,18.4,43,39.3,0.557,9.0,5.1,0.0,64,PM2.5
2022-03-23,Nova Iorque,21.3,63,27.8,0.574,11.7,5.9,0.0,77,O3
2022-03-24,Nova Iorque,18.1,46,38.3,0.434,8.8,5.9,0.0,64,PM2.5
2022-03-25,Nova Iorque,11.2,56,33.6,0.441,11.6,7.5,0.0,54,O3
2022-03-26,Nova Iorque,12.3,22,25.5,0.348,8.4,11.6,0.0,51,PM2.5
2022-03-27,Nova Iorque,15.6,63,17.2,0.414,13.9,9.7,0.0,77,O3
2022-03-28,Nova Iorque,2.7,44,6.9,0.059,12.6,14.9,19.8,41,O3
2022-03-29,Nova Iorque,62.1,57,42.7,2.419,12.5,11.8,0.0,154,PM2.5
2022-03-30,Nova Iorque,17.1,75,33.3,0.489,13.0,5.7,0.0,115,O3
2022-03-31,Nova Iorque,20.1,45,25.0,0.473,11.0,4.1,8.4,68,PM2.5
2022-04-01,Nova Iorque,19.6,53,14.2,0.541,13.3,13.4,0.0,67,PM2.5
2022-04-02,Nova Iorque,9.4,53,8.9,0.371,14.5,3.0,15.8,49,O3
2022-04-03,Nova Iorque,8.9,66,28.5,0.215,13.3,9.9,0.0,87,O3
2022-04-04,Nova Iorque,64.9,48,70.1,2.383,13.1,13.6,0.0,156,PM2.5
2022-04-05,Nova Iorque,15.9,38,19.4,0.399,16.7,9.6,9.9,59,PM2.5
2022-04-06,Nova Iorque,18.5,49,21.5,0.678,16.3,13.6,0.0,64,PM2.5
2022-04-07,Nova Iorque,26.3,48,18.6,0.564,15.6,9.8,0.0,81,PM2.5
2022-04-08,Nova Iorque,22.8,48,30.8,0.805,15.6,5.2,0.0,74,PM2.5
2022-04-09,Nova Iorque,29.7,52,48.8,0.863,16.5,7.9,0.0,88,PM2.5
2022-04-10,Nova Iorque,19.8,34,25.8,0.451,14.6,14.0,0.0,67,PM2.5
2022-04-11,Nova Iorque,25.9,55,15.9,0.838,14.9,11.2,0.0,80,PM2.5
2022-04-12,Nova Iorque,32.3,34,38.6,0.973,13.4,6.9,0.0,93,PM2.5
2022-04-13,Nova Iorque,6.3,51,11.2,0.234,16.1,5.5,18.4,47,O3
2022-04-14,Nova Iorque,21.1,67,50.8,0.83,17.6,9.3,0.0,90,O3
2022-04-15,Nova Iorque,27.2,54,34.9,0.762,15.1,7.4,0.0,83,PM2.5
2022-04-16,Nova Iorque,23.8,62,33.1,0.606,18.8,14.7,1.6,76,PM2.5
2022-04-17,Nova Iorque,11.3,48,16.4,0.334,17.7,14.4,0.0,47,PM2.5
2022-04-18,Nova Iorque,18.2,53,47.3,0.629,19.6,6.9,0.0,64,PM2.5
2022-04-19,Nova Iorque,16.2,79,24.1,0.546,19.4,7.7,0.0,129,O3
2022-04-20,Nova Iorque,32.4,90,14.1,0.847,19.3,4.6,15.9,161,O3
2022-04-21,Nova Iorque,12.1,58,22.7,0.319,20.5,14.0,0.0,61,O3
2022-04-22,Nova Iorque,76.1,102,39.2,2.641,19.3,10.4,0.0,192,O3
2022-04-23,Nova Iorque,31.3,54,20.2,1.055,18.8,7.4,0.0,91,PM2.5
2022-04-24,Nova Iorque,13.6,28,37.5,0.449,17.0,14.9,0.0,54,PM2.5
2022-04-25,Nova Iorque,23.1,72,58.8,0.722,15.7,3.1,0.0,104,O3
2022-04-26,Nova Iorque,51.3,61,44.9,1.553,15.9,14.9,0.0,140,PM2.5
2022-04-27,Nova Iorque,18.4,40,46.1,0.586,16.4,9.0,0.0,64,PM2.5
2022-04-28,Nova Iorque,9.2,64,11.3,0.286,20.8,6.7,17.7,80,O3
2022-04-29,Nova Iorque,20.4,59,69.0,0.428,20.3,5.1,0.0,68,PM2.5
2022-04-30,Nova Iorque,19.1,47,33.1,0.433,19.5,13.7,0.0,66,PM2.5
2022-05-01,Nova Iorque,13.3,55,50.1,0.495,19.0,11.0,0.0,54,PM2.5
2022-05-02,Nova Iorque,21.5,51,47.4,0.452,21.4,9.3,0.0,71,PM2.5
2022-05-03,Nova Iorque,28.7,45,36.6,0.75,18.4,12.9,0.0,86,PM2.5
2022-05-04,Nova Iorque,11.8,49,28.5,0.301,22.2,14.1,0.0,49,PM2.5
2022-05-05,Nova Iorque,40.7,81,68.7,0.839,21.2,3.3,0.0,136,O3
2022-05-06,Nova Iorque,9.7,66,21.9,0.219,20.0,13.9,0.0,87,O3
2022-05-07,Nova Iorque,36.3,77,59.0,0.884,19.0,5.4,0.0,122,O3
2022-05-08,Nova Iorque,43.4,85,70.2,1.412,22.6,5.0,0.0,150,O3
2022-05-09,Nova Iorque,26.9,71,66.1,0.778,21.3,5.3,0.0,101,O3
2022-05-10,Nova Iorque,34.8,83,32.6,0.747,24.2,4.3,0.0,143,O3
2022-05-11,Nova Iorque,19.4,38,18.8,0.738,19.4,9.3,0.0,66,PM2.5
2022-05-12,Nova Iorque,7.0,93,8.3,0.228,21.4,4.7,16.0,169,O3
2022-05-13,Nova Iorque,50.9,103,55.7,1.281,24.7,14.6,0.0,195,O3
2022-05-14,Nova Iorque,26.3,38,35.9,1.051,19.0,12.2,2.7,81,PM2.5
2022-05-15,Nova Iorque,26.5,80,56.8,0.737,22.5,9.9,0.0,132,O3
2022-05-16,Nova Iorque,35.5,93,43.6,1.218,20.7,2.2,0.0,169,O3
2022-05-17,Nova Iorque,20.5,73,31.2,0.603,24.3,14.0,0.0,108,O3
2022-05-18,Nova Iorque,46.5,83,27.7,1.113,25.0,2.6,0.0,143,O3
2022-05-19,Nova Iorque,44.8,49,41.3,1.456,21.8,3.0,0.0,124,PM2.5
2022-05-20,Nova Iorque,27.7,58,49.9,0.788,20.2,13.1,0.0,84,PM2.5
2022-05-21,Nova Iorque,20.6,74,24.1,0.781,20.4,10.7,0.0,112,O3
2022-05-22,Nova Iorque,27.9,47,34.3,0.638,20.7,8.8,5.8,84,PM2.5
2022-05-23,Nova Iorque,11.4,70,28.6,0.321,20.3,9.2,8.1,100,O3
2022-05-24,Nova Iorque,32.8,98,49.1,1.159,23.7,3.3,0.0,182,O3
2022-05-25,Nova Iorque,11.2,80,58.1,0.241,22.5,8.9,0.0,132,O3
2022-05-26,Nova Iorque,26.1,68,37.2,0.646,26.0,9.3,0.0,93,O3
2022-05-27,Nova Iorque,91.1,71,78.3,2.312,26.4,10.0,0.0,169,PM2.5
2022-05-28,Nova Iorque,21.6,91,29.0,0.81,23.7,6.5,0.0,164,O3
2022-05-29,Nova Iorque,41.6,101,28.8,1.003,26.0,7.8,0.0,190,O3
2022-05-30,Nova Iorque,23.9,54,39.6,0.505,23.6,14.9,0.0,76,PM2.5
2022-05-31,Nova Iorque,22.1,54,47.3,0.751,23.5,6.9,0.0,72,PM2.5
2022-06-01,Nova Iorque,16.8,81,19.3,0.631,23.8,11.3,0.0,136,O3
2022-06-02,Nova Iorque,40.3,65,82.4,1.177,23.7,2.5,0.0,113,PM2.5
2022-06-03,Nova Iorque,25.9,58,26.5,0.669,23.4,11.8,0.0,80,PM2.5
2022-06-04,Nova Iorque,24.2,63,68.8,0.963,22.8,5.5,1.8,77,O3
2022-06-05,Nova Iorque,13.1,55,8.5,0.295,24.5,9.9,13.8,53,PM2.5
2022-06-06,Nova Iorque,14.3,56,18.4,0.528,24.7,8.4,9.0,56,PM2.5
2022-06-07,Nova Iorque,32.7,89,67.3,0.751,25.1,4.8,0.0,159,O3
2022-06-08,Nova Iorque,28.1,50,24.3,0.742,22.6,13.7,0.0,85,PM2.5
2022-06-09,Nova Iorque,15.2,80,52.4,0.529,22.1,9.7,0.0,132,O3
2022-06-10,Nova Iorque,24.3,89,28.2,0.869,21.8,7.5,0.0,159,O3
2022-06-11,Nova Iorque,13.1,69,43.2,0.334,26.1,4.0,8.4,97,O3
2022-06-12,Nova Iorque,46.1,71,56.0,1.7,22.4,2.2,0.0,127,PM2.5
2022-06-13,Nova Iorque,11.2,74,55.2,0.345,25.5,11.6,0.0,112,O3
2022-06-14,Nova Iorque,11.6,80,41.4,0.279,22.7,10.9,0.0,132,O3
2022-06-15,Nova Iorque,32.5,55,52.3,1.184,26.6,3.5,0.0,94,PM2.5
2022-06-16,Nova Iorque,13.0,59,28.0,0.32,22.3,13.9,0.0,64,O3
2022-06-17,Nova Iorque,28.0,80,38.6,1.025,23.7,7.9,0.0,132,O3
2022-06-18,Nova Iorque,110.3,161,79.5,3.636,27.8,3.9,0.0,259,O3
2022-06-19,Nova Iorque,10.2,67,44.0,0.338,26.1,14.2,0.0,90,O3
2022-06-20,Nova Iorque,29.4,65,61.3,0.808,22.6,10.3,0.0,87,PM2.5
2022-06-21,Nova Iorque,23.9,65,23.7,0.861,24.2,4.6,0.0,84,O3
2022-06-22,Nova Iorque,20.9,54,36.8,0.704,22.2,12.0,0.0,70,PM2.5
2022-06-23,Nova Iorque,6.7,53,21.5,0.155,24.3,10.1,14.1,49,O3
2022-06-24,Nova Iorque,12.3,60,51.3,0.401,25.4,8.6,0.0,67,O3
2022-06-25,Nova Iorque,23.1,63,31.8,0.67,22.4,12.2,6.0,77,O3
2022-06-26,Nova Iorque,22.4,58,45.2,0.546,25.1,7.6,0.0,73,PM2.5
2022-06-27,Nova Iorque,39.6,73,30.1,0.804,26.6,4.7,0.0,111,PM2.5
2022-06-28,Nova Iorque,26.8,59,28.7,1.062,23.3,12.4,0.0,82,PM2.5
2022-06-29,Nova Iorque,23.4,73,51.9,0.667,25.6,12.0,0.0,108,O3
2022-06-30,Nova Iorque,46.8,76,60.3,1.617,23.0,3.5,0.0,129,PM2.5
2022-07-01,Nova Iorque,12.3,68,21.5,0.468,25.1,12.2,0.0,93,O3
2022-07-02,Nova Iorque,18.5,89,17.2,0.421,23.0,4.0,11.8,159,O3
2022-07-03,Nova Iorque,27.1,48,34.2,0.983,25.8,7.9,0.0,83,PM2.5
2022-07-04,Nova Iorque,23.1,55,18.5,0.585,21.8,11.5,0.0,74,PM2.5
2022-07-05,Nova Iorque,24.1,81,47.5,0.563,26.3,12.5,0.0,136,O3
2022-07-06,Nova Iorque,38.3,62,32.8,1.245,23.9,8.1,0.0,108,PM2.5
2022-07-07,Nova Iorque,30.8,81,27.0,0.838,27.1,10.8,0.0,136,O3
2022-07-08,Nova Iorque,42.1,64,62.9,0.85,25.4,2.7,0.0,117,PM2.5
2022-07-09,Nova Iorque,44.2,60,48.3,1.41,24.1,3.8,0.0,122,PM2.5
2022-07-10,Nova Iorque,6.5,74,9.5,0.185,24.6,13.4,17.9,112,O3
2022-07-11,Nova Iorque,18.3,71,37.1,0.703,23.4,9.4,0.0,101,O3
2022-07-12,Nova Iorque,16.1,40,28.6,0.426,23.1,9.3,0.0,59,PM2.5
2022-07-13,Nova Iorque,18.4,91,30.6,0.652,20.9,5.6,0.0,164,O3
2022-07-14,Nova Iorque,34.5,41,42.8,1.182,21.6,8.4,0.0,98,PM2.5
2022-07-15,Nova Iorque,42.6,111,32.7,1.232,22.2,6.5,9.7,206,O3
2022-07-16,Nova Iorque,32.3,57,45.5,0.794,24.6,5.6,6.8,93,PM2.5
2022-07-17,Nova Iorque,14.0,66,22.7,0.288,21.1,12.4,0.0,87,O3
2022-07-18,Nova Iorque,42.2,54,71.7,1.027,22.6,2.2,0.0,117,PM2.5
2022-07-19,Nova Iorque,10.1,75,19.1,0.315,24.1,13.9,13.5,115,O3
2022-07-20,Nova Iorque,13.4,60,12.1,0.399,20.3,7.4,12.5,67,O3
2022-07-21,Nova Iorque,46.7,113,31.1,1.221,24.9,3.6,0.0,208,O3
2022-07-22,Nova Iorque,29.7,48,47.2,1.068,20.6,9.1,0.0,88,PM2.5
2022-07-23,Nova Iorque,36.9,52,71.3,0.794,21.5,5.2,0.0,104,PM2.5
2022-07-24,Nova Iorque,35.2,84,58.6,0.949,25.4,6.1,0.0,146,O3
2022-07-25,Nova Iorque,33.6,38,53.4,0.697,20.7,9.4,0.0,96,PM2.5
2022-07-26,Nova Iorque,114.7,90,117.4,2.724,22.6,9.6,0.0,182,PM2.5
2022-07-27,Nova Iorque,24.9,37,18.8,0.932,20.3,14.3,0.0,78,PM2.5
2022-07-28,Nova Iorque,12.2,54,23.2,0.287,20.8,12.9,0.0,51,PM2.5
2022-07-29,Nova Iorque,17.7,58,18.3,0.662,21.4,13.0,0.0,63,PM2.5
2022-07-30,Nova Iorque,10.4,50,29.1,0.283,20.6,13.8,0.0,46,O3
2022-07-31,Nova Iorque,74.6,95,89.7,2.895,24.3,10.4,0.0,174,O3
2022-08-01,Nova Iorque,12.4,52,63.5,0.475,22.7,6.2,0.0,52,PM2.5
2022-08-02,Nova Iorque,36.8,86,71.3,1.163,18.8,2.9,1.1,151,O3
2022-08-03,Nova Iorque,38.0,85,46.0,0.847,21.7,5.9,0.0,150,O3
2022-08-04,Nova Iorque,6.0,28,7.6,0.201,18.0,14.5,11.2,26,O3
2022-08-05,Nova Iorque,19.6,53,31.4,0.638,21.9,6.8,9.4,67,PM2.5
2022-08-06,Nova Iorque,27.7,87,66.2,0.905,19.2,2.7,0.0,154,O3
2022-08-07,Nova Iorque,20.3,57,32.3,0.597,19.4,6.1,7.3,68,PM2.5
2022-08-08,Nova Iorque,14.3,87,51.3,0.414,18.8,6.9,0.0,154,O3
2022-08-09,Nova Iorque,40.9,114,136.1,1.136,21.9,2.1,0.0,209,O3
2022-08-10,Nova Iorque,51.4,80,31.0,1.152,20.6,13.8,0.0,140,PM2.5
2022-08-11,Nova Iorque,3.0,67,9.3,0.089,21.5,13.7,17.6,90,O3
2022-08-12,Nova Iorque,18.1,73,52.4,0.408,21.9,4.4,0.0,108,O3
2022-08-13,Nova Iorque,24.5,82,27.6,0.95,17.7,8.2,0.0,140,O3
2022-08-14,Nova Iorque,9.9,33,21.3,0.293,16.0,14.2,3.5,41,PM2.5
2022-08-15,Nova Iorque,35.1,79,21.8,1.04,21.4,10.4,0.0,129,O3
2022-08-16,Nova Iorque,26.7,53,57.7,1.037,17.4,7.0,0.0,82,PM2.5
2022-08-17,Nova Iorque,35.3,60,30.0,0.833,19.6,8.4,0.0,100,PM2.5
2022-08-18,Nova Iorque,22.7,50,18.4,0.838,18.4,13.8,0.0,73,PM2.5
2022-08-19,Nova Iorque,22.7,64,40.9,0.741,16.2,7.1,0.0,80,O3
2022-08-20,Nova Iorque,19.7,62,35.3,0.483,19.1,6.5,0.0,74,O3
2022-08-21,Nova Iorque,13.8,54,29.3,0.445,16.5,5.2,10.2,55,PM2.5
2022-08-22,Nova Iorque,31.5,82,25.8,0.765,19.0,2.0,0.0,140,O3
2022-08-23,Nova Iorque,79.2,106,70.6,2.851,16.8,10.6,0.0,201,O3
2022-08-24,Nova Iorque,25.9,59,52.4,0.587,15.2,3.2,0.0,80,PM2.5
2022-08-25,Nova Iorque,81.4,76,77.8,2.873,14.2,10.9,0.0,164,PM2.5
2022-08-26,Nova Iorque,31.3,56,57.0,0.729,18.5,4.1,2.0,91,PM2.5
2022-08-27,Nova Iorque,13.3,64,20.0,0.404,16.3,8.1,0.0,80,O3
2022-08-28,Nova Iorque,33.8,46,26.3,0.941,13.2,6.2,0.0,97,PM2.5
2022-08-29,Nova Iorque,31.0,88,46.8,0.812,14.3,2.4,0.0,156,O3
2022-08-30,Nova Iorque,36.2,73,61.2,1.233,14.9,4.8,0.0,108,O3
2022-08-31,Nova Iorque,12.2,47,36.3,0.289,16.5,13.6,0.0,51,PM2.5
2022-09-01,Nova Iorque,31.1,40,54.0,1.173,16.3,5.7,0.0,91,PM2.5
2022-09-02,Nova Iorque,38.7,54,67.0,1.254,17.2,4.6,3.6,109,PM2.5
2022-09-03,Nova Iorque,8.2,64,15.7,0.325,14.6,11.0,4.7,80,O3
2022-09-04,Nova Iorque,14.6,39,30.7,0.307,15.5,14.5,0.0,56,PM2.5
2022-09-05,Nova Iorque,46.0,67,44.7,0.966,14.0,14.9,0.0,127,PM2.5
2022-09-06,Nova Iorque,11.9,44,13.8,0.245,10.7,14.5,0.0,50,PM2.5
2022-09-07,Nova Iorque,19.5,43,19.1,0.73,16.0,12.8,0.0,67,PM2.5
2022-09-08,Nova Iorque,17.7,33,15.8,0.622,12.0,14.0,0.0,63,PM2.5
2022-09-09,Nova Iorque,8.0,34,10.0,0.169,10.1,5.4,16.8,33,PM2.5
2022-09-10,Nova Iorque,8.0,47,38.8,0.222,12.0,11.3,0.0,44,O3
2022-09-11,Nova Iorque,37.4,87,61.2,0.94,11.6,2.1,0.0,154,O3
2022-09-12,Nova Iorque,30.3,33,41.2,1.055,10.8,6.6,0.0,89,PM2.5
2022-09-13,Nova Iorque,6.2,52,16.5,0.236,9.0,3.2,15.7,48,O3
2022-09-14,Nova Iorque,36.0,71,51.7,0.749,13.1,4.5,0.0,102,PM2.5
2022-09-15,Nova Iorque,17.9,43,21.2,0.695,10.6,13.3,0.0,63,PM2.5
2022-09-16,Nova Iorque,3.1,23,6.8,0.112,8.8,12.0,18.1,21,O3
2022-09-17,Nova Iorque,30.6,40,43.0,0.889,11.9,3.9,0.0,90,PM2.5
2022-09-18,Nova Iorque,14.1,54,29.8,0.494,8.0,9.8,0.0,55,PM2.5
2022-09-19,Nova Iorque,9.5,47,45.1,0.354,12.7,9.5,0.0,44,O3
2022-09-20,Nova Iorque,24.3,60,53.7,0.683,11.0,4.8,0.0,77,PM2.5
2022-09-21,Nova Iorque,24.5,54,22.0,0.571,11.9,3.5,0.0,77,PM2.5
2022-09-22,Nova Iorque,17.0,53,21.2,0.372,9.1,10.4,0.0,61,PM2.5
2022-09-23,Nova Iorque,5.8,78,19.0,0.178,11.4,5.1,13.9,126,O3
2022-09-24,Nova Iorque,7.9,45,8.2,0.2,10.7,6.2,11.8,42,O3
2022-09-25,Nova Iorque,12.1,32,12.1,0.405,6.9,11.0,0.0,51,PM2.5
2022-09-26,Nova Iorque,31.0,42,53.9,1.011,8.2,10.2,0.0,91,PM2.5
2022-09-27,Nova Iorque,18.1,46,11.7,0.604,10.4,13.1,0.0,64,PM2.5
2022-09-28,Nova Iorque,6.0,59,15.1,0.215,8.6,5.5,8.5,64,O3
2022-09-29,Nova Iorque,21.6,37,28.1,0.515,8.8,6.8,0.0,71,PM2.5
2022-09-30,Nova Iorque,14.6,44,22.6,0.296,5.5,3.3,0.0,56,PM2.5
2022-10-01,Nova Iorque,16.9,74,51.3,0.582,8.2,3.1,0.0,112,O3
2022-10-02,Nova Iorque,3.0,30,5.8,0.096,8.8,14.5,10.6,28,O3
2022-10-03,Nova Iorque,13.8,67,38.8,0.539,9.0,2.5,0.0,90,O3
2022-10-04,Nova Iorque,9.5,26,29.1,0.349,8.3,10.1,0.0,40,PM2.5
2022-10-05,Nova Iorque,40.6,45,49.5,1.132,3.3,9.5,0.0,114,PM2.5
2022-10-06,Nova Iorque,14.8,20,21.6,0.467,6.6,13.6,2.2,57,PM2.5
2022-10-07,Nova Iorque,20.7,40,18.4,0.607,5.0,9.3,0.0,69,PM2.5
2022-10-08,Nova Iorque,17.7,32,16.0,0.558,3.3,3.8,4.1,63,PM2.5
2022-10-09,Nova Iorque,16.1,38,40.8,0.419,5.2,5.7,0.0,59,PM2.5
2022-10-10,Nova Iorque,10.9,35,31.1,0.278,3.6,8.0,0.0,45,PM2.5
2022-10-11,Nova Iorque,13.2,36,14.4,0.345,5.1,12.9,4.9,53,PM2.5
2022-10-12,Nova Iorque,12.7,40,16.0,0.412,2.6,5.5,4.0,52,PM2.5
2022-10-13,Nova Iorque,23.7,40,36.4,0.7,4.6,6.7,0.0,75,PM2.5
2022-10-14,Nova Iorque,2.3,24,6.0,0.068,2.3,14.3,12.6,22,O3
2022-10-15,Nova Iorque,10.2,43,34.9,0.31,2.4,4.1,0.0,42,PM2.5
2022-10-16,Nova Iorque,41.4,36,22.2,1.473,4.3,11.2,0.0,116,PM2.5
2022-10-17,Nova Iorque,7.7,11,6.6,0.17,1.1,14.9,0.0,32,PM2.5
2022-10-18,Nova Iorque,7.6,38,11.7,0.295,2.0,7.3,12.2,35,O3
2022-10-19,Nova Iorque,8.2,21,23.4,0.323,5.1,12.1,0.0,34,PM2.5
2022-10-20,Nova Iorque,9.8,17,12.8,0.281,2.6,11.4,0.0,41,PM2.5
2022-10-21,Nova Iorque,3.3,30,5.2,0.073,1.4,8.0,11.3,28,O3
2022-10-22,Nova Iorque,15.1,32,12.6,0.351,4.5,12.4,0.0,57,PM2.5
2022-10-23,Nova Iorque,2.1,13,7.4,0.079,-0.9,14.8,0.0,12,O3
2022-10-24,Nova Iorque,17.5,23,31.5,0.477,1.0,7.4,0.0,62,PM2.5
2022-10-25,Nova Iorque,23.3,51,41.6,0.914,1.2,2.2,0.0,75,PM2.5
2022-10-26,Nova Iorque,37.4,37,42.2,1.02,0.1,11.5,0.0,106,PM2.5
2022-10-27,Nova Iorque,11.1,31,10.6,0.352,3.0,12.6,0.0,46,PM2.5
2022-10-28,Nova Iorque,3.7,20,9.1,0.13,-0.2,13.4,0.0,19,O3
2022-10-29,Nova Iorque,4.5,17,9.5,0.146,0.2,14.4,6.1,19,PM2.5
2022-10-30,Nova Iorque,10.5,36,7.7,0.233,3.3,7.3,9.0,44,PM2.5
2022-10-31,Nova Iorque,34.3,61,69.7,0.794,3.0,2.6,0.0,98,PM2.5
2022-11-01,Nova Iorque,5.4,19,13.2,0.158,-1.8,12.3,0.0,23,PM2.5
2022-11-02,Nova Iorque,7.2,25,9.5,0.216,2.6,13.3,0.0,30,PM2.5
2022-11-03,Nova Iorque,6.7,25,30.7,0.162,-3.1,4.5,0.0,28,PM2.5
2022-11-04,Nova Iorque,10.6,31,21.4,0.381,0.5,2.6,0.0,44,PM2.5
2022-11-05,Nova Iorque,2.9,12,11.2,0.07,-2.7,13.0,0.0,12,PM2.5
2022-11-06,Nova Iorque,5.6,8,5.5,0.189,-1.7,15.0,0.0,23,PM2.5
2022-11-07,Nova Iorque,20.9,35,15.6,0.616,-0.0,3.4,0.0,70,PM2.5
2022-11-08,Nova Iorque,12.9,16,15.1,0.305,-0.8,9.4,2.1,53,PM2.5
2022-11-09,Nova Iorque,6.6,16,17.6,0.203,-3.5,13.8,0.0,28,PM2.5
2022-11-10,Nova Iorque,2.3,11,10.6,0.07,-2.9,13.6,0.0,10,PM2.5
2022-11-11,Nova Iorque,10.3,15,14.3,0.372,-2.6,9.6,0.0,43,PM2.5
2022-11-12,Nova Iorque,10.8,20,23.8,0.416,-0.8,8.0,1.6,45,PM2.5
2022-11-13,Nova Iorque,21.5,33,14.4,0.569,-2.9,3.6,0.0,71,PM2.5
2022-11-14,Nova Iorque,6.0,43,5.7,0.185,-3.0,3.5,17.4,40,O3
2022-11-15,Nova Iorque,4.8,15,19.4,0.166,-0.6,9.5,0.0,20,PM2.5
2022-11-16,Nova Iorque,15.7,38,32.1,0.629,0.2,3.3,0.0,59,PM2.5
2022-11-17,Nova Iorque,4.2,10,5.1,0.104,-4.4,11.6,0.0,18,PM2.5
2022-11-18,Nova Iorque,5.8,41,8.9,0.225,-0.5,4.4,16.9,38,O3
2022-11-19,Nova Iorque,13.7,31,7.7,0.388,-5.3,6.5,0.0,54,PM2.5
2022-11-20,Nova Iorque,6.1,23,16.7,0.199,-3.2,10.4,2.7,25,PM2.5
2022-11-21,Nova Iorque,1.0,6,4.3,0.031,-6.2,13.3,0.0,6,O3
2022-11-22,Nova Iorque,23.7,50,28.6,0.916,-1.0,2.6,0.0,75,PM2.5
2022-11-23,Nova Iorque,4.9,8,8.2,0.183,-3.3,13.6,0.0,20,PM2.5
2022-11-24,Nova Iorque,10.1,41,22.3,0.233,-0.8,7.7,0.0,42,PM2.5
2022-11-25,Nova Iorque,10.9,24,29.8,0.434,-4.3,3.9,0.0,45,PM2.5
2022-11-26,Nova Iorque,6.5,28,15.4,0.14,-6.1,7.8,0.0,27,PM2.5
2022-11-27,Nova Iorque,19.6,14,22.7,0.581,-1.2,13.8,0.0,67,PM2.5
2022-11-28,Nova Iorque,3.4,11,9.9,0.07,-1.9,13.1,0.0,14,PM2.5
2022-11-29,Nova Iorque,4.3,14,12.6,0.134,-3.5,12.0,0.0,18,PM2.5
2022-11-30,Nova Iorque,2.6,12,2.0,0.085,-4.9,12.1,10.0,11,PM2.5
2022-12-01,Nova Iorque,2.0,11,8.4,0.062,-5.8,12.6,0.0,10,O3
2022-12-02,Nova Iorque,5.8,17,9.0,0.171,-2.1,13.3,0.0,24,PM2.5
2022-12-03,Nova Iorque,15.6,34,29.9,0.404,-5.0,3.2,0.0,58,PM2.5
2022-12-04,Nova Iorque,6.5,23,18.9,0.133,-2.4,9.3,0.0,27,PM2.5
2022-12-05,Nova Iorque,36.8,54,19.2,0.866,-3.0,7.2,0.0,104,PM2.5
2022-12-06,Nova Iorque,10.0,16,16.7,0.223,-6.2,8.2,0.0,42,PM2.5
2022-12-07,Nova Iorque,8.2,11,9.7,0.221,-4.5,9.5,0.0,34,PM2.5
2022-12-08,Nova Iorque,7.6,14,7.3,0.16,-4.5,8.7,0.0,32,PM2.5
2022-12-09,Nova Iorque,1.9,10,3.0,0.061,-6.0,12.0,0.0,9,O3
2022-12-10,Nova Iorque,1.9,13,2.8,0.063,-5.7,11.1,13.7,12,O3
2022-12-11,Nova Iorque,6.8,41,37.7,0.14,-2.0,2.1,0.0,38,O3
2022-12-12,Nova Iorque,1.7,16,2.6,0.058,-6.8,5.8,16.6,15,O3
2022-12-13,Nova Iorque,12.1,24,18.5,0.479,-3.7,8.0,0.0,51,PM2.5
2022-12-14,Nova Iorque,1.6,9,1.5,0.056,-3.7,12.7,16.6,8,O3
2022-12-15,Nova Iorque,19.9,53,46.6,0.428,-3.3,7.4,0.0,67,PM2.5
2022-12-16,Nova Iorque,32.4,47,26.5,0.853,-4.4,5.8,0.0,94,PM2.5
2022-12-17,Nova Iorque,14.3,37,23.7,0.351,-6.6,3.8,0.0,56,PM2.5
2022-12-18,Nova Iorque,3.9,8,11.4,0.138,-3.6,12.6,0.0,16,PM2.5
2022-12-19,Nova Iorque,14.1,24,27.9,0.44,-4.1,5.0,0.0,55,PM2.5
2022-12-20,Nova Iorque,4.8,8,4.8,0.168,-7.6,10.3,0.0,20,PM2.5
2022-12-21,Nova Iorque,14.3,30,31.4,0.544,-2.3,11.6,0.0,56,PM2.5
2022-12-22,Nova Iorque,17.8,29,20.3,0.388,-6.9,5.0,12.2,63,PM2.5
2022-12-23,Nova Iorque,4.0,16,13.2,0.13,-4.7,10.1,0.0,17,PM2.5
2022-12-24,Nova Iorque,5.5,22,14.1,0.202,-3.4,11.3,0.0,23,PM2.5
2022-12-25,Nova Iorque,9.6,21,15.9,0.213,-4.0,9.9,0.0,40,PM2.5
2022-12-26,Nova Iorque,26.1,51,47.0,0.952,-2.5,4.1,0.0,80,PM2.5
2022-12-27,Nova Iorque,31.1,49,58.3,0.89,-7.2,3.5,0.0,91,PM2.5
2022-12-28,Nova Iorque,3.0,8,6.4,0.083,-7.8,12.0,2.0,12,PM2.5
2022-12-29,Nova Iorque,7.2,13,9.7,0.274,-7.2,9.6,0.0,30,PM2.5
2022-12-30,Nova Iorque,6.3,22,23.8,0.232,-5.9,3.2,0.0,26,PM2.5
2022-12-31,Nova Iorque,6.7,28,15.4,0.231,-3.9,6.4,0.0,28,PM2.5
2023-01-01,Nova Iorque,5.0,31,6.0,0.149,-3.6,5.4,16.9,29,O3
2023-01-02,Nova Iorque,2.0,10,9.5,0.052,-4.3,12.3,0.0,9,O3
2023-01-03,Nova Iorque,4.7,17,8.1,0.128,-6.7,8.2,0.0,20,PM2.5
2023-01-04,Nova Iorque,9.4,15,15.0,0.21,-6.8,6.3,0.0,39,PM2.5
2023-01-05,Nova Iorque,14.4,43,13.9,0.309,-2.6,5.2,0.0,56,PM2.5
2023-01-06,Nova Iorque,13.4,21,24.9,0.388,-6.8,4.4,5.1,54,PM2.5
2023-01-07,Nova Iorque,0.8,6,0.9,0.022,-3.2,15.0,19.9,6,O3
2023-01-08,Nova Iorque,1.4,5,3.1,0.036,-4.5,14.6,7.3,6,PM2.5
2023-01-09,Nova Iorque,27.8,45,42.6,0.792,-2.6,7.8,0.0,84,PM2.5
2023-01-10,Nova Iorque,5.5,28,8.6,0.13,-6.9,7.2,0.0,26,O3
2023-01-11,Nova Iorque,10.3,33,11.2,0.264,-3.2,3.6,0.0,43,PM2.5
2023-01-12,Nova Iorque,1.9,7,5.1,0.076,-5.5,13.9,0.0,8,PM2.5
2023-01-13,Nova Iorque,14.5,32,20.1,0.509,-5.3,4.5,3.3,56,PM2.5
2023-01-14,Nova Iorque,8.7,35,11.4,0.298,-0.8,8.3,0.0,36,PM2.5
2023-01-15,Nova Iorque,19.0,38,29.4,0.429,-1.2,3.4,0.0,66,PM2.5
2023-01-16,Nova Iorque,12.0,30,7.6,0.335,-0.5,9.9,0.0,50,PM2.5
2023-01-17,Nova Iorque,8.7,15,17.0,0.243,-2.6,12.2,0.0,36,PM2.5
2023-01-18,Nova Iorque,35.7,27,15.2,0.737,-1.1,11.3,0.0,101,PM2.5
2023-01-19,Nova Iorque,9.5,12,13.9,0.295,-2.8,11.5,0.0,40,PM2.5
2023-01-20,Nova Iorque,17.4,38,31.5,0.53,-2.4,5.8,0.0,62,PM2.5
2023-01-21,Nova Iorque,2.8,14,2.3,0.069,-3.6,9.9,15.7,13,O3
2023-01-22,Nova Iorque,12.1,22,10.5,0.272,-0.4,9.8,5.2,51,PM2.5
2023-01-23,Nova Iorque,14.9,22,16.2,0.553,0.3,6.8,0.0,57,PM2.5
2023-01-24,Nova Iorque,10.2,32,14.7,0.29,-3.3,5.7,0.0,42,PM2.5
2023-01-25,Nova Iorque,9.6,17,10.1,0.322,-3.7,6.8,0.0,40,PM2.5
2023-01-26,Nova Iorque,3.7,9,4.3,0.092,-0.5,14.4,0.0,15,PM2.5
2023-01-27,Nova Iorque,5.5,12,5.4,0.117,-0.2,12.7,0.0,23,PM2.5
2023-01-28,Nova Iorque,10.3,12,9.9,0.352,-2.9,11.2,0.0,43,PM2.5
2023-01-29,Nova Iorque,25.2,56,37.7,0.879,-1.5,7.8,0.0,79,PM2.5
2023-01-30,Nova Iorque,6.0,18,4.5,0.228,-1.5,10.0,9.2,25,PM2.5
2023-01-31,Nova Iorque,15.8,38,33.9,0.627,-0.1,5.5,0.0,59,PM2.5
2023-02-01,Nova Iorque,10.9,41,24.7,0.4,1.3,9.0,0.0,45,PM2.5
2023-02-02,Nova Iorque,8.7,16,8.1,0.224,-0.9,12.3,0.0,36,PM2.5
2023-02-03,Nova Iorque,12.2,47,12.9,0.353,1.7,2.4,10.3,51,PM2.5
2023-02-04,Nova Iorque,7.2,19,18.1,0.234,-1.1,9.3,0.0,30,PM2.5
2023-02-05,Nova Iorque,45.2,53,21.1,1.514,0.7,9.9,0.0,125,PM2.5
2023-02-06,Nova Iorque,11.7,27,11.6,0.27,2.4,8.8,0.0,49,PM2.5
2023-02-07,Nova Iorque,3.0,22,7.8,0.07,0.9,13.4,11.0,20,O3
2023-02-08,Nova Iorque,9.5,38,31.4,0.304,3.3,4.4,0.0,40,PM2.5
2023-02-09,Nova Iorque,20.0,34,27.2,0.401,1.0,5.9,0.0,68,PM2.5
2023-02-10,Nova Iorque,6.9,28,15.0,0.256,3.1,9.4,0.0,29,PM2.5
2023-02-11,Nova Iorque,9.0,22,8.5,0.273,1.1,11.0,0.0,38,PM2.5
2023-02-12,Nova Iorque,8.8,14,6.9,0.319,-0.2,13.2,0.0,37,PM2.5
2023-02-13,Nova Iorque,15.1,35,17.3,0.516,3.3,6.2,0.0,57,PM2.5
2023-02-14,Nova Iorque,12.0,36,21.4,0.292,-0.9,3.8,7.4,50,PM2.5
2023-02-15,Nova Iorque,9.2,19,9.6,0.261,2.8,10.9,0.0,38,PM2.5
2023-02-16,Nova Iorque,18.3,28,13.1,0.494,-0.5,3.9,0.0,64,PM2.5
2023-02-17,Nova Iorque,45.5,51,27.8,1.614,4.0,11.1,0.0,126,PM2.5
2023-02-18,Nova Iorque,16.0,33,21.6,0.579,0.9,2.5,0.0,59,PM2.5
2023-02-19,Nova Iorque,10.1,41,30.0,0.335,5.1,9.1,0.0,42,PM2.5
2023-02-20,Nova Iorque,14.8,53,25.7,0.401,3.9,4.6,0.0,57,PM2.5
2023-02-21,Nova Iorque,17.0,38,34.7,0.543,0.4,4.8,0.0,61,PM2.5
2023-02-22,Nova Iorque,5.9,18,19.6,0.198,4.8,14.5,0.0,25,PM2.5
2023-02-23,Nova Iorque,5.8,33,3.9,0.21,5.4,11.4,14.3,31,O3
2023-02-24,Nova Iorque,8.0,17,25.9,0.224,2.9,11.3,0.0,33,PM2.5
2023-02-25,Nova Iorque,19.8,51,15.1,0.402,2.6,7.1,0.0,67,PM2.5
2023-02-26,Nova Iorque,5.1,15,8.0,0.106,4.4,13.2,0.0,21,PM2.5
2023-02-27,Nova Iorque,8.9,33,15.2,0.23,5.3,13.7,2.3,37,PM2.5
2023-02-28,Nova Iorque,50.8,73,46.1,1.451,2.4,4.0,0.0,139,PM2.5
2023-03-01,Nova Iorque,11.6,36,22.5,0.232,6.1,4.2,0.0,48,PM2.5
2023-03-02,Nova Iorque,7.1,19,7.3,0.227,2.3,14.8,3.9,30,PM2.5
2023-03-03,Nova Iorque,17.2,62,20.0,0.452,8.2,6.3,0.0,74,O3
2023-03-04,Nova Iorque,12.8,37,23.1,0.472,3.3,7.0,0.0,52,PM2.5
2023-03-05,Nova Iorque,12.9,38,27.1,0.51,6.0,7.1,0.0,53,PM2.5
2023-03-06,Nova Iorque,10.6,34,32.0,0.284,4.3,3.0,0.0,44,PM2.5
2023-03-07,Nova Iorque,24.8,45,33.6,0.573,3.5,10.6,0.0,78,PM2.5
2023-03-08,Nova Iorque,7.4,44,18.5,0.17,4.0,9.9,0.0,41,O3
2023-03-09,Nova Iorque,10.8,57,9.7,0.351,4.3,6.0,7.6,58,O3
2023-03-10,Nova Iorque,9.5,27,29.2,0.322,7.8,13.2,0.0,40,PM2.5
2023-03-11,Nova Iorque,20.4,45,51.2,0.713,6.3,2.4,0.0,68,PM2.5
2023-03-12,Nova Iorque,8.7,21,17.1,0.184,7.2,11.9,0.0,36,PM2.5
2023-03-13,Nova Iorque,15.3,41,31.7,0.561,6.7,6.5,0.0,58,PM2.5
2023-03-14,Nova Iorque,12.7,29,15.8,0.41,10.1,13.8,0.0,52,PM2.5
2023-03-15,Nova Iorque,13.5,43,9.2,0.278,9.1,12.8,6.6,54,PM2.5
2023-03-16,Nova Iorque,11.2,37,19.4,0.425,9.2,11.5,4.0,47,PM2.5
2023-03-17,Nova Iorque,8.1,23,21.0,0.21,10.6,14.2,0.0,34,PM2.5
2023-03-18,Nova Iorque,7.4,45,32.4,0.153,11.1,10.0,0.0,42,O3
2023-03-19,Nova Iorque,8.0,31,21.9,0.257,10.9,12.7,0.0,33,PM2.5
2023-03-20,Nova Iorque,17.5,45,40.2,0.631,8.0,9.0,0.0,62,PM2.5
2023-03-21,Nova Iorque,6.1,22,23.9,0.146,10.8,12.7,0.0,25,PM2.5
2023-03-22,Nova Iorque,8.7,35,26.5,0.283,9.6,14.8,0.0,36,PM2.5
2023-03-23,Nova Iorque,18.8,42,23.4,0.411,12.6,12.0,0.0,65,PM2.5
2023-03-24,Nova Iorque,14.8,36,45.0,0.45,13.4,7.7,0.0,57,PM2.5
2023-03-25,Nova Iorque,14.7,41,30.2,0.466,8.5,3.4,0.0,56,PM2.5
2023-03-26,Nova Iorque,26.1,83,33.6,0.635,9.7,2.6,0.0,143,O3
2023-03-27,Nova Iorque,28.8,44,35.4,1.068,11.8,7.5,0.0,86,PM2.5
2023-03-28,Nova Iorque,50.9,49,39.2,1.825,12.8,13.5,0.0,139,PM2.5
2023-03-29,Nova Iorque,10.3,50,16.5,0.402,9.7,10.4,10.5,46,O3
2023-03-30,Nova Iorque,6.7,30,16.6,0.171,11.8,12.4,0.0,28,PM2.5
2023-03-31,Nova Iorque,12.2,76,43.9,0.393,14.1,5.2,0.0,118,O3
2023-04-01,Nova Iorque,17.2,69,11.6,0.379,12.0,5.3,9.1,97,O3
2023-04-02,Nova Iorque,10.7,60,45.2,0.386,11.1,2.7,0.0,67,O3
2023-04-03,Nova Iorque,13.7,66,33.1,0.321,10.6,5.4,0.0,87,O3
2023-04-04,Nova Iorque,11.6,51,57.4,0.367,11.6,4.3,0.0,48,PM2.5
2023-04-05,Nova Iorque,10.7,34,24.0,0.377,11.4,11.0,0.0,45,PM2.5
2023-04-06,Nova Iorque,13.1,43,15.9,0.393,12.7,11.7,0.0,53,PM2.5
2023-04-07,Nova Iorque,18.8,63,23.0,0.504,12.1,4.2,0.0,77,O3
2023-04-08,Nova Iorque,26.1,66,70.6,0.825,14.9,7.2,7.8,87,O3
2023-04-09,Nova Iorque,69.9,79,73.7,2.652,13.0,5.8,0.0,158,PM2.5
2023-04-10,Nova Iorque,40.5,93,74.7,1.607,15.0,3.9,0.0,169,O3
2023-04-11,Nova Iorque,13.4,61,32.5,0.467,18.2,14.4,0.0,71,O3
2023-04-12,Nova Iorque,21.9,62,64.8,0.659,16.6,4.5,0.0,74,O3
2023-04-13,Nova Iorque,104.7,116,73.2,2.965,15.0,5.3,1.5,212,O3
2023-04-14,Nova Iorque,17.4,25,27.7,0.351,15.7,15.0,0.0,62,PM2.5
2023-04-15,Nova Iorque,19.6,35,15.3,0.548,19.1,13.6,0.0,67,PM2.5
2023-04-16,Nova Iorque,19.9,38,37.4,0.641,18.8,14.0,0.0,67,PM2.5
2023-04-17,Nova Iorque,56.7,86,72.5,1.53,17.4,11.0,0.0,152,PM2.5
2023-04-18,Nova Iorque,23.9,51,21.9,0.793,14.0,12.0,0.0,76,PM2.5
2023-04-19,Nova Iorque,11.6,53,17.4,0.385,17.2,13.0,0.0,49,O3
2023-04-20,Nova Iorque,88.7,106,106.6,3.074,19.3,10.2,0.0,201,O3
2023-04-21,Nova Iorque,39.9,51,45.4,1.151,16.3,2.7,0.0,112,PM2.5
2023-04-22,Nova Iorque,20.7,67,28.5,0.622,19.4,12.5,0.0,90,O3
2023-04-23,Nova Iorque,35.1,66,55.7,0.839,21.0,8.4,0.0,99,PM2.5
2023-04-24,Nova Iorque,22.0,28,23.6,0.5,18.5,14.1,0.0,72,PM2.5
2023-04-25,Nova Iorque,25.4,42,51.2,0.741,17.5,10.4,0.0,79,PM2.5
2023-04-26,Nova Iorque,9.9,78,9.4,0.356,18.4,5.3,17.5,126,O3
2023-04-27,Nova Iorque,18.4,38,18.1,0.492,19.1,14.5,0.0,64,PM2.5
2023-04-28,Nova Iorque,17.5,42,49.0,0.485,20.6,14.0,0.0,62,PM2.5
2023-04-29,Nova Iorque,27.2,45,17.6,0.851,18.8,13.9,0.0,83,PM2.5
2023-04-30,Nova Iorque,18.4,44,36.4,0.715,20.0,5.8,3.4,64,PM2.5
2023-05-01,Nova Iorque,22.4,60,23.2,0.672,18.8,13.4,0.0,73,PM2.5
2023-05-02,Nova Iorque,10.2,77,35.5,0.214,21.0,8.6,0.0,122,O3
2023-05-03,Nova Iorque,26.7,66,19.7,0.69,21.5,9.0,0.0,87,O3
2023-05-04,Nova Iorque,37.4,60,37.2,0.839,21.6,8.4,0.0,106,PM2.5
2023-05-05,Nova Iorque,18.1,70,54.5,0.686,20.8,7.5,0.0,100,O3
2023-05-06,Nova Iorque,43.9,52,33.6,1.0,21.4,2.3,0.0,122,PM2.5
2023-05-07,Nova Iorque,52.7,57,32.1,1.787,22.7,14.1,0.0,143,PM2.5
2023-05-08,Nova Iorque,20.8,37,38.9,0.481,19.7,11.4,0.0,69,PM2.5
2023-05-09,Nova Iorque,31.0,81,28.0,0.755,22.3,3.2,0.0,136,O3
2023-05-10,Nova Iorque,14.5,74,20.3,0.411,24.3,14.9,0.0,112,O3
2023-05-11,Nova Iorque,11.1,74,6.3,0.239,20.9,7.8,17.3,112,O3
2023-05-12,Nova Iorque,13.2,109,47.9,0.282,22.9,2.5,0.0,204,O3
2023-05-13,Nova Iorque,38.4,48,61.2,0.786,20.2,7.7,0.0,108,PM2.5
2023-05-14,Nova Iorque,99.3,76,100.4,3.043,21.0,3.9,0.0,174,PM2.5
2023-05-15,Nova Iorque,23.4,93,13.1,0.504,23.5,8.2,8.5,169,O3
2023-05-16,Nova Iorque,37.0,53,24.7,1.313,24.5,3.4,4.7,105,PM2.5
2023-05-17,Nova Iorque,36.9,81,41.1,0.818,24.8,9.9,0.0,136,O3
2023-05-18,Nova Iorque,32.8,52,21.9,0.891,23.6,12.2,4.2,95,PM2.5
2023-05-19,Nova Iorque,10.0,70,18.3,0.382,24.0,14.4,12.3,100,O3
2023-05-20,Nova Iorque,6.7,78,22.2,0.227,25.8,13.5,13.1,126,O3
2023-05-21,Nova Iorque,86.5,95,70.1,1.974,20.5,13.9,0.0,174,O3
2023-05-22,Nova Iorque,56.4,131,128.8,1.614,24.7,3.5,0.0,227,O3
2023-05-23,Nova Iorque,11.9,73,50.3,0.272,21.2,9.8,0.0,108,O3
2023-05-24,Nova Iorque,28.8,41,36.8,0.631,25.8,10.4,0.0,86,PM2.5
2023-05-25,Nova Iorque,27.6,71,56.7,0.602,21.3,8.3,0.0,101,O3
2023-05-26,Nova Iorque,43.0,86,26.0,1.438,21.7,3.4,0.0,151,O3
2023-05-27,Nova Iorque,15.3,72,50.2,0.55,23.3,13.0,0.0,104,O3
2023-05-28,Nova Iorque,42.4,77,58.5,0.953,24.3,6.2,0.0,122,O3
2023-05-29,Nova Iorque,33.5,84,42.9,1.124,24.4,7.6,0.0,146,O3
2023-05-30,Nova Iorque,16.6,49,36.9,0.54,22.0,14.1,0.0,60,PM2.5
2023-05-31,Nova Iorque,24.5,46,63.3,0.891,22.2,9.2,0.0,77,PM2.5
2023-06-01,Nova Iorque,17.0,51,43.6,0.356,21.4,13.5,0.0,61,PM2.5
2023-06-02,Nova Iorque,75.5,74,63.9,2.802,21.6,13.9,0.0,161,PM2.5
2023-06-03,Nova Iorque,24.7,57,26.9,0.793,22.6,13.3,0.0,77,PM2.5
2023-06-04,Nova Iorque,38.9,87,35.5,0.842,24.3,4.6,17.9,154,O3
2023-06-05,Nova Iorque,109.6,115,114.7,3.162,23.8,9.8,0.0,210,O3
2023-06-06,Nova Iorque,25.8,76,41.6,0.995,23.1,8.6,3.3,118,O3
2023-06-07,Nova Iorque,37.9,97,60.5,1.137,25.0,5.9,0.0,179,O3
2023-06-08,Nova Iorque,34.1,98,43.4,0.962,26.6,3.7,0.0,182,O3
2023-06-09,Nova Iorque,24.8,100,60.6,0.75,23.0,5.4,1.1,187,O3
2023-06-10,Nova Iorque,18.2,77,37.6,0.614,27.6,2.2,0.0,122,O3
2023-06-11,Nova Iorque,9.3,89,19.9,0.339,23.1,9.1,16.4,159,O3
2023-06-12,Nova Iorque,10.6,41,10.6,0.358,21.9,13.4,13.6,44,PM2.5
2023-06-13,Nova Iorque,20.3,55,26.9,0.658,26.1,10.7,0.0,68,PM2.5
2023-06-14,Nova Iorque,31.8,39,24.1,0.717,24.7,11.2,0.0,92,PM2.5
2023-06-15,Nova Iorque,27.9,86,61.9,1.035,26.6,12.8,0.0,151,O3
2023-06-16,Nova Iorque,9.3,51,14.8,0.363,24.1,12.8,14.0,47,O3
2023-06-17,Nova Iorque,13.4,73,8.3,0.402,22.4,3.4,14.4,108,O3
2023-06-18,Nova Iorque,32.6,57,32.1,1.105,24.7,6.1,0.0,94,PM2.5
2023-06-19,Nova Iorque,22.0,75,71.9,0.821,26.0,6.6,0.0,115,O3
2023-06-20,Nova Iorque,39.8,99,41.6,1.411,22.2,5.4,0.0,185,O3
2023-06-21,Nova Iorque,42.2,46,43.1,1.497,26.2,8.9,0.0,117,PM2.5
2023-06-22,Nova Iorque,24.5,37,44.0,0.815,23.5,14.5,0.0,77,PM2.5
2023-06-23,Nova Iorque,25.8,65,79.7,0.747,27.6,4.3,0.0,84,O3
2023-06-24,Nova Iorque,22.1,43,17.7,0.487,25.5,14.6,0.0,72,PM2.5
2023-06-25,Nova Iorque,31.0,53,44.9,0.775,23.7,11.3,0.0,91,PM2.5
2023-06-26,Nova Iorque,40.4,51,34.4,1.531,24.5,6.7,0.0,113,PM2.5
2023-06-27,Nova Iorque,30.1,66,45.7,0.877,23.5,11.1,0.0,89,PM2.5
2023-06-28,Nova Iorque,43.5,61,67.9,1.121,27.8,3.0,0.0,121,PM2.5
2023-06-29,Nova Iorque,34.0,42,44.2,1.139,25.6,10.2,0.0,97,PM2.5
2023-06-30,Nova Iorque,12.2,85,24.5,0.482,25.5,10.9,0.0,150,O3
2023-07-01,Nova Iorque,25.4,47,35.4,0.513,24.0,14.6,0.0,79,PM2.5
2023-07-02,Nova Iorque,29.4,42,46.0,0.688,22.0,14.1,0.0,87,PM2.5
2023-07-03,Nova Iorque,4.8,44,12.9,0.168,22.0,13.2,17.2,41,O3
2023-07-04,Nova Iorque,30.1,78,61.4,0.865,23.6,10.3,0.0,126,O3
2023-07-05,Nova Iorque,24.4,98,44.5,0.913,23.3,6.1,3.2,182,O3
2023-07-06,Nova Iorque,17.3,77,73.0,0.522,26.4,2.4,0.0,122,O3
2023-07-07,Nova Iorque,3.8,65,9.8,0.107,25.7,12.1,16.4,84,O3
2023-07-08,Nova Iorque,34.3,96,65.1,1.362,24.2,6.8,0.0,177,O3
2023-07-09,Nova Iorque,53.1,73,133.2,1.897,27.0,9.6,0.0,144,PM2.5
2023-07-10,Nova Iorque,14.6,57,60.6,0.337,27.1,5.2,0.0,58,O3
2023-07-11,Nova Iorque,18.1,44,60.9,0.562,24.1,9.3,0.0,64,PM2.5
2023-07-12,Nova Iorque,10.9,54,21.6,0.425,23.9,6.5,16.2,50,O3
2023-07-13,Nova Iorque,109.3,154,60.5,2.63,22.9,3.4,0.0,252,O3
2023-07-14,Nova Iorque,8.7,69,7.4,0.273,22.8,13.5,14.3,97,O3
2023-07-15,Nova Iorque,17.2,70,27.4,0.575,25.6,11.6,0.0,100,O3
2023-07-16,Nova Iorque,7.0,45,9.0,0.184,21.5,11.5,15.7,42,O3
2023-07-17,Nova Iorque,28.5,65,45.6,0.803,23.3,11.1,1.8,85,PM2.5
2023-07-18,Nova Iorque,65.1,104,115.8,1.475,20.7,3.0,0.0,197,O3
2023-07-19,Nova Iorque,31.7,58,29.9,0.863,22.2,7.8,0.0,92,PM2.5
2023-07-20,Nova Iorque,30.8,46,55.5,1.196,23.7,10.6,0.0,90,PM2.5
2023-07-21,Nova Iorque,38.8,78,45.0,1.283,23.3,5.4,0.0,126,O3
2023-07-22,Nova Iorque,28.7,58,48.3,0.974,20.9,12.3,0.0,86,PM2.5
2023-07-23,Nova Iorque,3.8,55,11.1,0.132,21.9,14.3,15.6,51,O3
2023-07-24,Nova Iorque,27.8,68,49.6,0.699,20.9,12.6,10.1,93,O3
2023-07-25,Nova Iorque,22.0,81,36.6,0.727,19.9,7.9,0.0,136,O3
2023-07-26,Nova Iorque,23.1,48,44.7,0.841,20.7,15.0,0.0,74,PM2.5
2023-07-27,Nova Iorque,16.0,51,27.8,0.331,22.2,14.0,0.0,59,PM2.5
2023-07-28,Nova Iorque,14.6,53,32.4,0.436,22.4,14.3,0.0,56,PM2.5
2023-07-29,Nova Iorque,11.4,78,45.7,0.418,23.1,10.9,0.0,126,O3
2023-07-30,Nova Iorque,6.9,69,5.9,0.173,18.9,11.1,17.6,97,O3
2023-07-31,Nova Iorque,39.4,83,59.2,1.154,23.9,4.6,0.0,143,O3
2023-08-01,Nova Iorque,19.4,114,33.8,0.672,24.0,2.5,12.0,209,O3
2023-08-02,Nova Iorque,31.7,74,22.7,0.924,18.4,5.6,0.0,112,O3
2023-08-03,Nova Iorque,23.4,37,21.4,0.651,23.1,14.0,2.8,75,PM2.5
2023-08-04,Nova Iorque,19.5,55,49.8,0.405,23.0,12.4,0.0,67,PM2.5
2023-08-05,Nova Iorque,21.9,59,46.3,0.571,21.3,8.3,0.0,72,PM2.5
2023-08-06,Nova Iorque,11.1,80,27.1,0.389,19.5,8.0,0.0,132,O3
2023-08-07,Nova Iorque,11.9,47,11.1,0.406,21.9,13.7,7.3,50,PM2.5
2023-08-08,Nova Iorque,22.6,80,32.0,0.563,22.6,12.3,0.0,132,O3
2023-08-09,Nova Iorque,29.0,96,77.9,1.032,22.1,11.3,0.0,177,O3
2023-08-10,Nova Iorque,23.5,67,27.4,0.494,22.2,9.5,0.0,90,O3
2023-08-11,Nova Iorque,11.3,72,9.1,0.345,18.0,4.8,14.4,104,O3
2023-08-12,Nova Iorque,12.7,94,43.7,0.46,17.7,4.2,3.8,172,O3
2023-08-13,Nova Iorque,8.7,34,21.0,0.252,17.7,14.0,10.4,36,PM2.5
2023-08-14,Nova Iorque,5.9,52,19.2,0.192,16.1,7.6,11.1,48,O3
2023-08-15,Nova Iorque,27.1,84,45.6,0.665,20.4,9.4,0.0,146,O3
2023-08-16,Nova Iorque,3.4,61,8.9,0.086,18.8,9.5,19.8,71,O3
2023-08-17,Nova Iorque,19.1,58,22.9,0.562,19.6,4.8,10.2,66,PM2.5
2023-08-18,Nova Iorque,100.1,66,140.2,3.042,17.9,2.8,0.0,174,PM2.5
2023-08-19,Nova Iorque,21.7,73,35.4,0.659,16.7,9.9,0.0,108,O3
2023-08-20,Nova Iorque,22.5,36,18.5,0.718,16.8,12.5,0.0,73,PM2.5
2023-08-21,Nova Iorque,5.2,43,6.9,0.183,16.8,10.4,19.1,40,O3
2023-08-22,Nova Iorque,21.9,56,33.1,0.803,17.1,11.2,0.0,72,PM2.5
2023-08-23,Nova Iorque,14.2,72,24.1,0.388,17.8,9.3,0.0,104,O3
2023-08-24,Nova Iorque,28.6,55,28.9,0.734,16.6,4.0,0.0,86,PM2.5
2023-08-25,Nova Iorque,18.5,64,26.2,0.663,16.2,6.0,0.0,80,O3
2023-08-26,Nova Iorque,21.3,91,57.4,0.484,19.0,4.9,0.0,164,O3
2023-08-27,Nova Iorque,16.6,42,24.8,0.43,13.5,12.4,0.0,60,PM2.5
2023-08-28,Nova Iorque,28.0,89,34.3,0.754,14.6,2.4,0.0,159,O3
2023-08-29,Nova Iorque,16.1,39,25.2,0.605,13.2,12.9,0.0,59,PM2.5
2023-08-30,Nova Iorque,17.0,74,37.9,0.349,17.3,6.0,0.0,112,O3
2023-08-31,Nova Iorque,8.9,40,33.7,0.194,12.2,13.7,0.0,37,PM2.5
2023-09-01,Nova Iorque,22.3,73,35.6,0.697,13.8,7.4,0.0,108,O3
2023-09-02,Nova Iorque,11.5,51,67.8,0.427,15.4,2.2,0.0,48,PM2.5
2023-09-03,Nova Iorque,41.0,84,61.3,0.97,16.8,3.1,0.0,146,O3
2023-09-04,Nova Iorque,14.8,69,21.0,0.522,15.3,2.9,10.7,97,O3
2023-09-05,Nova Iorque,21.5,56,29.2,0.476,15.3,5.7,0.0,71,PM2.5
2023-09-06,Nova Iorque,11.1,70,24.6,0.232,14.5,8.0,0.0,100,O3
2023-09-07,Nova Iorque,9.5,31,37.9,0.215,14.7,11.2,0.0,40,PM2.5
2023-09-08,Nova Iorque,27.4,63,38.4,0.781,14.3,6.7,0.0,83,PM2.5
2023-09-09,Nova Iorque,10.2,41,17.8,0.377,13.2,14.2,0.0,42,PM2.5
2023-09-10,Nova Iorque,25.7,47,37.1,0.566,10.5,7.7,0.0,80,PM2.5
2023-09-11,Nova Iorque,10.2,45,22.9,0.271,9.4,11.2,0.0,42,PM2.5
2023-09-12,Nova Iorque,27.8,55,38.7,0.649,12.9,8.8,0.0,84,PM2.5
2023-09-13,Nova Iorque,11.9,43,11.7,0.394,11.7,6.4,7.8,50,PM2.5
2023-09-14,Nova Iorque,12.8,29,27.8,0.42,9.1,13.7,0.0,52,PM2.5
2023-09-15,Nova Iorque,8.8,43,12.3,0.206,9.6,10.4,0.0,40,O3
2023-09-16,Nova Iorque,7.9,58,39.6,0.282,12.5,9.5,0.0,61,O3
2023-09-17,Nova Iorque,17.9,47,25.1,0.423,9.5,8.6,0.0,63,PM2.5
2023-09-18,Nova Iorque,14.7,50,29.9,0.41,13.1,13.4,0.0,56,PM2.5
2023-09-19,Nova Iorque,20.2,57,19.4,0.604,11.2,10.0,5.2,68,PM2.5
2023-09-20,Nova Iorque,12.1,35,28.4,0.302,8.9,4.7,0.0,51,PM2.5
2023-09-21,Nova Iorque,51.8,116,112.4,1.381,7.5,2.5,0.0,212,O3
2023-09-22,Nova Iorque,21.4,42,19.6,0.547,8.4,10.8,0.0,71,PM2.5
2023-09-23,Nova Iorque,11.3,32,18.6,0.387,10.9,11.2,0.0,47,PM2.5
2023-09-24,Nova Iorque,12.5,56,20.9,0.357,10.0,3.7,0.0,54,O3
2023-09-25,Nova Iorque,20.7,49,40.8,0.747,7.6,5.2,0.0,69,PM2.5
2023-09-26,Nova Iorque,16.2,27,23.9,0.454,9.9,14.1,0.0,60,PM2.5
2023-09-27,Nova Iorque,12.8,29,22.3,0.397,9.4,14.8,0.0,52,PM2.5
2023-09-28,Nova Iorque,8.4,46,10.6,0.222,8.3,5.0,11.8,43,O3
2023-09-29,Nova Iorque,15.1,33,10.3,0.473,8.6,13.7,0.0,57,PM2.5
2023-09-30,Nova Iorque,17.1,47,14.1,0.544,4.8,9.5,0.0,62,PM2.5
2023-10-01,Nova Iorque,9.3,18,26.5,0.191,5.5,12.3,0.0,39,PM2.5
2023-10-02,Nova Iorque,9.9,58,29.9,0.348,3.9,5.6,0.0,61,O3
2023-10-03,Nova Iorque,20.2,37,31.2,0.497,5.2,4.8,0.0,68,PM2.5
2023-10-04,Nova Iorque,13.0,32,23.8,0.431,9.1,14.6,0.0,53,PM2.5
2023-10-05,Nova Iorque,11.5,30,15.4,0.317,6.5,10.0,8.0,48,PM2.5
2023-10-06,Nova Iorque,4.4,43,12.0,0.126,6.9,11.1,10.9,40,O3
2023-10-07,Nova Iorque,6.1,26,9.6,0.199,5.1,14.9,0.0,25,PM2.5
2023-10-08,Nova Iorque,9.3,58,32.2,0.22,4.7,2.8,0.0,61,O3
2023-10-09,Nova Iorque,15.0,18,11.1,0.332,7.7,13.7,0.0,57,PM2.5
2023-10-10,Nova Iorque,18.0,60,44.7,0.666,5.4,5.7,0.0,67,O3
2023-10-11,Nova Iorque,12.6,41,10.9,0.309,5.4,14.9,14.8,52,PM2.5
2023-10-12,Nova Iorque,17.6,29,29.6,0.675,5.7,6.4,0.0,63,PM2.5
2023-10-13,Nova Iorque,12.6,27,19.4,0.263,5.2,10.3,0.0,52,PM2.5
2023-10-14,Nova Iorque,10.3,40,13.9,0.257,5.3,10.4,0.0,43,PM2.5
2023-10-15,Nova Iorque,17.5,45,41.8,0.529,6.0,12.2,0.0,62,PM2.5
2023-10-16,Nova Iorque,10.4,31,14.2,0.323,5.7,12.0,0.0,43,PM2.5
2023-10-17,Nova Iorque,6.3,15,14.5,0.188,0.6,14.3,0.0,26,PM2.5
2023-10-18,Nova Iorque,30.5,42,31.6,1.05,4.0,2.2,0.0,90,PM2.5
2023-10-19,Nova Iorque,38.3,30,65.4,1.489,1.8,8.0,0.0,108,PM2.5
2023-10-20,Nova Iorque,6.7,13,13.6,0.19,0.9,14.3,0.0,28,PM2.5
2023-10-21,Nova Iorque,4.6,14,13.5,0.149,1.3,12.9,0.0,19,PM2.5
2023-10-22,Nova Iorque,11.1,30,16.7,0.233,0.2,11.5,0.0,46,PM2.5
2023-10-23,Nova Iorque,16.7,29,17.6,0.461,0.8,8.6,0.0,61,PM2.5
2023-10-24,Nova Iorque,1.2,12,3.4,0.024,-0.6,12.7,15.6,11,O3
2023-10-25,Nova Iorque,5.4,27,11.8,0.152,2.9,13.2,0.0,25,O3
2023-10-26,Nova Iorque,1.7,10,1.8,0.051,0.7,13.8,19.7,9,O3
2023-10-27,Nova Iorque,5.7,22,8.3,0.115,2.3,12.4,0.0,24,PM2.5
2023-10-28,Nova Iorque,6.1,25,15.6,0.136,1.9,13.1,0.0,25,PM2.5
2023-10-29,Nova Iorque,8.3,11,13.6,0.224,0.6,14.5,0.0,35,PM2.5
2023-10-30,Nova Iorque,12.5,48,31.0,0.47,1.4,3.3,1.5,52,PM2.5
2023-10-31,Nova Iorque,8.1,23,13.7,0.266,0.4,13.5,0.0,34,PM2.5
2023-11-01,Nova Iorque,6.6,19,7.4,0.145,2.2,13.5,0.0,28,PM2.5
2023-11-02,Nova Iorque,6.9,31,21.5,0.223,-2.2,8.1,0.0,29,PM2.5
2023-11-03,Nova Iorque,12.7,32,12.4,0.415,-0.4,9.3,0.0,52,PM2.5
2023-11-04,Nova Iorque,12.9,36,23.8,0.433,1.4,8.4,0.0,53,PM2.5
2023-11-05,Nova Iorque,21.3,47,22.4,0.734,1.5,3.9,6.4,70,PM2.5
2023-11-06,Nova Iorque,19.8,43,28.9,0.478,-0.0,6.1,0.0,67,PM2.5
2023-11-07,Nova Iorque,3.0,19,6.2,0.062,0.8,12.3,8.3,18,O3
2023-11-08,Nova Iorque,6.0,17,10.6,0.146,-1.0,13.0,0.0,25,PM2.5
2023-11-09,Nova Iorque,8.3,26,19.5,0.306,-2.9,10.0,0.0,35,PM2.5
2023-11-10,Nova Iorque,18.9,29,41.1,0.491,1.3,9.4,6.8,65,PM2.5
2023-11-11,Nova Iorque,9.6,16,5.8,0.329,-0.9,12.5,0.0,40,PM2.5
2023-11-12,Nova Iorque,8.3,28,27.8,0.197,-2.9,5.9,0.0,35,PM2.5
2023-11-13,Nova Iorque,6.4,21,8.5,0.237,-2.7,12.2,0.0,27,PM2.5
2023-11-14,Nova Iorque,10.4,38,27.2,0.307,-0.4,7.9,0.0,43,PM2.5
2023-11-15,Nova Iorque,14.9,37,13.0,0.555,0.4,5.5,0.0,57,PM2.5
2023-11-16,Nova Iorque,4.5,13,9.5,0.114,-1.2,14.9,0.0,19,PM2.5
2023-11-17,Nova Iorque,5.9,31,15.5,0.122,-2.0,4.2,0.0,29,O3
2023-11-18,Nova Iorque,3.3,17,6.3,0.116,-2.6,8.2,14.5,16,O3
2023-11-19,Nova Iorque,9.3,23,31.5,0.219,-4.1,3.9,0.0,39,PM2.5
2023-11-20,Nova Iorque,16.0,25,16.2,0.508,-4.7,5.5,0.0,59,PM2.5
2023-11-21,Nova Iorque,7.7,35,7.4,0.28,-2.0,4.9,10.5,32,PM2.5
2023-11-22,Nova Iorque,11.3,30,12.6,0.266,-0.9,6.6,0.0,47,PM2.5
2023-11-23,Nova Iorque,12.4,19,23.9,0.296,-2.1,7.9,0.0,52,PM2.5
2023-11-24,Nova Iorque,13.7,34,10.6,0.316,-4.4,4.6,0.0,54,PM2.5
2023-11-25,Nova Iorque,21.8,38,21.0,0.566,-2.9,3.2,0.0,71,PM2.5
2023-11-26,Nova Iorque,1.6,3,3.9,0.051,-6.6,14.0,0.0,7,PM2.5
2023-11-27,Nova Iorque,7.5,20,9.1,0.294,-3.9,11.1,0.0,31,PM2.5
2023-11-28,Nova Iorque,2.9,30,6.4,0.063,-3.4,2.6,11.8,28,O3
2023-11-29,Nova Iorque,5.5,18,15.6,0.117,-4.4,10.8,0.0,23,PM2.5
2023-11-30,Nova Iorque,12.4,37,10.3,0.366,-3.0,6.6,0.0,52,PM2.5
2023-12-01,Nova Iorque,9.3,14,13.1,0.328,-6.6,9.0,0.0,39,PM2.5
2023-12-02,Nova Iorque,6.8,26,15.6,0.231,-7.1,3.6,0.0,28,PM2.5
2023-12-03,Nova Iorque,1.2,4,4.9,0.027,-5.7,14.1,0.0,5,PM2.5
2023-12-04,Nova Iorque,6.1,28,22.8,0.191,-4.7,7.8,0.0,26,O3
2023-12-05,Nova Iorque,13.0,24,35.0,0.36,-5.2,2.5,0.0,53,PM2.5
2023-12-06,Nova Iorque,6.5,33,9.2,0.231,-5.5,6.0,0.0,31,O3
2023-12-07,Nova Iorque,6.0,24,17.4,0.179,-6.8,7.6,0.0,25,PM2.5
2023-12-08,Nova Iorque,4.5,7,10.9,0.112,-6.2,11.5,0.0,19,PM2.5
2023-12-09,Nova Iorque,42.1,39,22.8,1.078,-3.4,8.0,0.0,117,PM2.5
2023-12-10,Nova Iorque,9.0,35,9.5,0.228,-4.0,4.9,0.0,38,PM2.5
2023-12-11,Nova Iorque,8.3,15,7.2,0.296,-6.5,8.2,0.0,35,PM2.5
2023-12-12,Nova Iorque,1.9,21,3.6,0.068,-3.7,6.2,17.3,19,O3
2023-12-13,Nova Iorque,0.9,2,1.8,0.035,-6.4,14.5,0.0,4,PM2.5
2023-12-14,Nova Iorque,3.2,32,3.5,0.11,-2.8,8.3,13.3,30,O3
2023-12-15,Nova Iorque,5.5,14,11.1,0.204,-2.0,12.1,0.0,23,PM2.5
2023-12-16,Nova Iorque,10.0,30,22.3,0.272,-5.0,4.7,0.0,42,PM2.5
2023-12-17,Nova Iorque,2.5,19,3.8,0.057,-6.9,6.6,13.3,18,O3
2023-12-18,Nova Iorque,2.1,12,8.9,0.05,-3.4,12.8,0.0,11,O3
2023-12-19,Nova Iorque,5.4,20,11.5,0.117,-6.5,9.0,0.0,23,PM2.5
2023-12-20,Nova Iorque,2.3,7,4.0,0.064,-5.5,13.9,0.0,10,PM2.5
2023-12-21,Nova Iorque,9.2,15,7.0,0.361,-6.5,7.6,0.0,38,PM2.5
2023-12-22,Nova Iorque,3.2,20,5.7,0.069,-5.0,10.1,7.4,19,O3
2023-12-23,Nova Iorque,2.7,41,4.7,0.107,-2.1,3.9,18.8,38,O3
2023-12-24,Nova Iorque,8.6,21,20.8,0.256,-4.3,5.3,0.0,36,PM2.5
2023-12-25,Nova Iorque,8.1,10,8.9,0.256,-5.6,9.9,0.0,34,PM2.5
2023-12-26,Nova Iorque,4.8,34,26.9,0.102,-3.3,6.4,0.0,31,O3
2023-12-27,Nova Iorque,1.8,23,4.5,0.07,-4.1,5.8,16.3,21,O3
2023-12-28,Nova Iorque,6.0,23,13.0,0.214,-2.3,9.5,0.0,25,PM2.5
2023-12-29,Nova Iorque,19.2,39,18.0,0.588,-2.8,2.1,0.0,66,PM2.5
2023-12-30,Nova Iorque,5.0,26,11.5,0.124,-4.2,8.2,0.0,24,O3
2023-12-31,Nova Iorque,7.1,22,15.5,0.211,-5.6,8.8,0.0,30,PM2.5
